area_code,gss_code
E02002483,E06000001
E02002484,E06000001
E02002485,E06000001
E02002489,E06000001
E02002490,E06000001
E02002491,E06000001
E02002492,E06000001
E02002493,E06000001
E02002494,E06000001
E02006909,E06000001
E02007059,E06000001
E02002496,E06000002
E02002497,E06000002
E02002498,E06000002
E02002499,E06000002
E02002500,E06000002
E02002501,E06000002
E02002502,E06000002
E02002503,E06000002
E02002504,E06000002
E02002505,E06000002
E02002506,E06000002
E02002507,E06000002
E02002508,E06000002
E02002509,E06000002
E02002510,E06000002
E02002512,E06000002
E02002513,E06000002
E02002514,E06000002
E02006811,E06000002
E02002515,E06000003
E02002516,E06000003
E02002517,E06000003
E02002518,E06000003
E02002519,E06000003
E02002520,E06000003
E02002521,E06000003
E02002523,E06000003
E02002524,E06000003
E02002525,E06000003
E02002526,E06000003
E02002527,E06000003
E02002529,E06000003
E02002530,E06000003
E02002532,E06000003
E02002533,E06000003
E02002534,E06000003
E02006812,E06000003
E02006910,E06000003
E02002535,E06000004
E02002784,E06000014
E02002785,E06000014
E02002786,E06000014
E02002787,E06000014
E02002788,E06000014
E02002789,E06000014
E02002790,E06000014
E02002791,E06000014
E02002792,E06000014
E02002793,E06000014
E02002794,E06000014
E02002795,E06000014
E02002796,E06000015
E02002797,E06000015
E02002798,E06000015
E02002799,E06000015
E02002800,E06000015
E02002801,E06000015
E02002802,E06000015
E02002803,E06000015
E02002804,E06000015
E02002805,E06000015
E02002806,E06000015
E02002807,E06000015
E02002808,E06000015
E02002809,E06000015
E02002810,E06000015
E02002811,E06000015
E02002812,E06000015
E02002813,E06000015
E02002814,E06000015
E02002815,E06000015
E02002816,E06000015
E02002817,E06000015
E02002818,E06000015
E02002819,E06000015
E02002820,E06000015
E02002821,E06000015
E02002822,E06000015
E02002823,E06000015
E02002824,E06000015
E02002825,E06000015
E02002826,E06000015
E02002827,E06000016
E02002828,E06000016
E02002829,E06000016
E02002830,E06000016
E02002831,E06000016
E02002832,E06000016
E02002833,E06000016
E02002684,E06000011
E02002685,E06000011
E02002686,E06000011
E02002687,E06000011
E02002688,E06000011
E02002689,E06000011
E02002691,E06000011
E02002692,E06000011
E02002693,E06000011
E02002694,E06000011
E02002695,E06000011
E02002696,E06000011
E02002697,E06000011
E02002698,E06000011
E02002699,E06000011
E02002700,E06000011
E02002701,E06000011
E02002702,E06000011
E02002703,E06000011
E02002704,E06000011
E02002705,E06000011
E02002706,E06000011
E02002707,E06000011
E02002708,E06000011
E02002709,E06000011
E02002710,E06000011
E02002711,E06000011
E02002712,E06000011
E02002714,E06000011
E02002715,E06000011
E02002716,E06000011
E02002717,E06000011
E02002718,E06000011
E02002719,E06000011
E02002720,E06000011
E02002721,E06000011
E02002722,E06000011
E02002723,E06000011
E02002724,E06000011
E02002725,E06000011
E02006814,E06000011
E02006891,E06000011
E02006892,E06000011
E02002726,E06000012
E02002727,E06000012
E02002728,E06000012
E02002729,E06000012
E02002730,E06000012
E02002731,E06000012
E02002732,E06000012
E02002635,E06000009
E02002636,E06000009
E02002637,E06000009
E02002638,E06000009
E02002639,E06000009
E02002640,E06000009
E02002641,E06000009
E02002642,E06000009
E02002643,E06000009
E02002644,E06000009
E02002645,E06000009
E02002646,E06000009
E02002647,E06000009
E02002648,E06000009
E02002649,E06000009
E02002650,E06000009
E02002651,E06000009
E02002653,E06000010
E02002654,E06000010
E02002655,E06000010
E02002656,E06000010
E02002657,E06000010
E02002658,E06000010
E02002659,E06000010
E02002660,E06000010
E02002661,E06000010
E02002662,E06000010
E02002663,E06000010
E02002664,E06000010
E02002665,E06000010
E02002666,E06000010
E02002667,E06000010
E02002668,E06000010
E02002669,E06000010
E02002670,E06000010
E02002671,E06000010
E02002672,E06000010
E02002673,E06000010
E02002674,E06000010
E02002675,E06000010
E02002676,E06000010
E02002677,E06000010
E02002678,E06000010
E02002679,E06000010
E02002680,E06000010
E02002681,E06000010
E02002682,E06000010
E02006813,E06000010
E02007079,E06000010
E02007080,E06000010
E02002733,E06000012
E02002734,E06000012
E02002736,E06000012
E02002737,E06000012
E02002738,E06000012
E02002739,E06000012
E02002740,E06000012
E02002741,E06000012
E02002743,E06000012
E02002744,E06000012
E02002745,E06000012
E02002746,E06000012
E02002747,E06000012
E02002748,E06000012
E02007081,E06000012
E02002749,E06000013
E02002750,E06000013
E02002751,E06000013
E02002752,E06000013
E02002753,E06000013
E02002754,E06000013
E02002755,E06000013
E02002756,E06000013
E02002757,E06000013
E02002758,E06000013
E02002759,E06000013
E02002760,E06000013
E02002761,E06000013
E02002762,E06000013
E02002763,E06000013
E02002764,E06000013
E02002765,E06000013
E02002766,E06000013
E02002767,E06000013
E02002768,E06000013
E02002769,E06000013
E02002770,E06000013
E02002771,E06000013
E02002772,E06000014
E02002773,E06000014
E02002774,E06000014
E02002775,E06000014
E02002776,E06000014
E02002777,E06000014
E02002778,E06000014
E02002779,E06000014
E02002780,E06000014
E02002781,E06000014
E02002782,E06000014
E02002783,E06000014
E02002834,E06000016
E02002836,E06000016
E02002837,E06000016
E02002838,E06000016
E02002839,E06000016
E02002842,E06000016
E02002843,E06000016
E02002844,E06000016
E02002845,E06000016
E02002846,E06000016
E02002847,E06000016
E02002848,E06000016
E02002849,E06000016
E02002851,E06000016
E02002852,E06000016
E02002853,E06000016
E02002854,E06000016
E02002855,E06000016
E02002856,E06000016
E02002857,E06000016
E02002858,E06000016
E02002860,E06000016
E02002861,E06000016
E02002862,E06000016
E02006815,E06000016
E02006817,E06000016
E02006819,E06000016
E02006850,E06000016
E02006851,E06000016
E02006964,E06000016
E02006965,E06000016
E02002863,E06000017
E02002864,E06000017
E02002865,E06000017
E02002866,E06000017
E02002867,E06000017
E02002868,E06000018
E02002869,E06000018
E02002871,E06000018
E02002872,E06000018
E02002873,E06000018
E02002874,E06000018
E02002875,E06000018
E02002876,E06000018
E02002877,E06000018
E02002878,E06000018
E02002879,E06000018
E02002880,E06000018
E02002881,E06000018
E02002882,E06000018
E02002585,E06000006
E02002586,E06000006
E02002587,E06000006
E02002588,E06000006
E02002589,E06000006
E02002590,E06000007
E02002591,E06000007
E02002592,E06000007
E02002593,E06000007
E02002594,E06000007
E02002595,E06000007
E02002596,E06000007
E02002597,E06000007
E02002598,E06000007
E02002599,E06000007
E02002600,E06000007
E02002601,E06000007
E02002602,E06000007
E02002603,E06000007
E02002604,E06000007
E02002605,E06000007
E02002606,E06000007
E02002607,E06000007
E02002608,E06000007
E02002609,E06000007
E02002610,E06000007
E02002611,E06000007
E02002612,E06000007
E02002613,E06000007
E02002614,E06000007
E02002615,E06000008
E02002616,E06000008
E02002617,E06000008
E02002618,E06000008
E02002619,E06000008
E02002620,E06000008
E02002621,E06000008
E02002622,E06000008
E02002623,E06000008
E02002624,E06000008
E02002625,E06000008
E02002626,E06000008
E02002627,E06000008
E02002628,E06000008
E02002629,E06000008
E02002630,E06000008
E02002631,E06000008
E02002632,E06000008
E02002633,E06000009
E02002634,E06000009
E02002536,E06000004
E02002537,E06000004
E02002538,E06000004
E02002539,E06000004
E02002540,E06000004
E02002541,E06000004
E02002542,E06000004
E02002543,E06000004
E02002544,E06000004
E02002545,E06000004
E02002546,E06000004
E02002547,E06000004
E02002549,E06000004
E02002550,E06000004
E02002551,E06000004
E02002552,E06000004
E02002553,E06000004
E02002554,E06000004
E02002555,E06000004
E02002556,E06000004
E02002558,E06000004
E02007060,E06000004
E02007061,E06000004
E02007062,E06000004
E02007063,E06000004
E02002559,E06000005
E02002560,E06000005
E02002561,E06000005
E02002562,E06000005
E02002563,E06000005
E02002564,E06000005
E02002567,E06000005
E02002568,E06000005
E02002569,E06000005
E02002570,E06000005
E02002571,E06000005
E02002572,E06000005
E02002573,E06000005
E02007058,E06000005
E02002574,E06000006
E02002575,E06000006
E02002576,E06000006
E02002577,E06000006
E02002578,E06000006
E02002579,E06000006
E02002580,E06000006
E02002581,E06000006
E02002582,E06000006
E02002583,E06000006
E02002584,E06000006
E02003216,E06000030
E02003217,E06000030
E02003218,E06000030
E02003219,E06000030
E02003220,E06000030
E02003221,E06000030
E02003222,E06000030
E02003223,E06000030
E02002883,E06000018
E02003224,E06000030
E02003225,E06000030
E02003226,E06000030
E02002884,E06000018
E02002885,E06000018
E02002886,E06000018
E02002887,E06000018
E02002888,E06000018
E02002889,E06000018
E02002890,E06000018
E02002891,E06000018
E02002892,E06000018
E02002893,E06000018
E02002895,E06000018
E02002896,E06000018
E02002897,E06000018
E02002898,E06000018
E02002901,E06000018
E02002902,E06000018
E02002903,E06000018
E02002904,E06000018
E02006834,E06000018
E02006904,E06000018
E02006905,E06000018
E02007082,E06000018
E02002905,E06000019
E02002906,E06000019
E02002907,E06000019
E02002908,E06000019
E02002909,E06000019
E02002910,E06000019
E02002911,E06000019
E02002912,E06000019
E02002913,E06000019
E02002914,E06000019
E02003078,E06000024
E02002915,E06000019
E02003079,E06000024
E02002916,E06000019
E02003080,E06000024
E02002917,E06000019
E02003081,E06000024
E02002918,E06000019
E02003082,E06000024
E02002919,E06000019
E02003227,E06000030
E02002920,E06000019
E02003228,E06000030
E02002921,E06000019
E02003229,E06000030
E02003084,E06000024
E02002922,E06000019
E02003230,E06000030
E02003085,E06000024
E02002923,E06000019
E02003231,E06000030
E02003086,E06000024
E02002924,E06000019
E02003232,E06000030
E02003087,E06000024
E02002925,E06000019
E02003233,E06000030
E02003088,E06000024
E02002926,E06000019
E02003234,E06000030
E02003089,E06000024
E02002927,E06000019
E02003235,E06000030
E02006845,E06000024
E02002928,E06000020
E02003236,E06000030
E02006846,E06000024
E02002929,E06000020
E02006847,E06000030
E02003090,E06000025
E02002930,E06000020
E02006848,E06000030
E02003091,E06000025
E02002931,E06000020
E02006849,E06000030
E02003092,E06000025
E02003237,E06000031
E02003093,E06000025
E02003238,E06000031
E02003094,E06000025
E02003239,E06000031
E02003095,E06000025
E02003240,E06000031
E02003096,E06000025
E02003241,E06000031
E02003097,E06000025
E02003242,E06000031
E02003098,E06000025
E02003243,E06000031
E02003099,E06000025
E02003244,E06000031
E02003245,E06000031
E02003246,E06000031
E02003247,E06000031
E02003248,E06000031
E02003249,E06000031
E02003250,E06000031
E02003251,E06000031
E02003252,E06000031
E02003253,E06000031
E02003254,E06000031
E02003255,E06000031
E02003257,E06000031
E02006877,E06000031
E02006878,E06000031
E02003258,E06000032
E02003259,E06000032
E02003260,E06000032
E02003261,E06000032
E02003101,E06000025
E02003102,E06000025
E02003103,E06000025
E02003104,E06000025
E02003105,E06000025
E02003107,E06000025
E02003108,E06000025
E02003109,E06000025
E02003110,E06000025
E02003111,E06000025
E02003112,E06000025
E02003113,E06000025
E02003114,E06000025
E02003115,E06000025
E02003116,E06000025
E02003117,E06000025
E02003118,E06000025
E02003119,E06000025
E02003120,E06000025
E02003121,E06000025
E02007064,E06000025
E02007065,E06000025
E02007066,E06000025
E02007067,E06000025
E02003122,E06000026
E02003123,E06000026
E02003124,E06000026
E02003125,E06000026
E02003126,E06000026
E02003127,E06000026
E02003128,E06000026
E02003129,E06000026
E02003130,E06000026
E02003131,E06000026
E02003132,E06000026
E02003133,E06000026
E02003134,E06000026
E02003032,E06000023
E02002983,E06000021
E02003135,E06000026
E02003136,E06000026
E02003137,E06000026
E02003138,E06000026
E02003139,E06000026
E02003140,E06000026
E02003141,E06000026
E02003142,E06000026
E02003143,E06000026
E02003144,E06000026
E02003145,E06000026
E02003146,E06000026
E02003147,E06000026
E02003148,E06000026
E02003149,E06000026
E02003151,E06000026
E02003152,E06000026
E02003153,E06000026
E02006989,E06000026
E02006990,E06000026
E02003154,E06000027
E02003155,E06000027
E02003156,E06000027
E02003157,E06000027
E02003158,E06000027
E02003159,E06000027
E02003161,E06000027
E02003163,E06000027
E02003164,E06000027
E02003165,E06000027
E02003166,E06000027
E02003167,E06000027
E02003168,E06000027
E02003169,E06000027
E02003170,E06000027
E02003171,E06000027
E02006840,E06000027
E02003212,E06000030
E02003214,E06000030
E02003215,E06000030
E02003033,E06000023
E02003036,E06000023
E02003037,E06000023
E02003038,E06000023
E02003039,E06000023
E02003040,E06000023
E02003041,E06000023
E02003044,E06000023
E02003045,E06000023
E02003046,E06000023
E02003047,E06000023
E02003048,E06000023
E02003049,E06000023
E02003050,E06000023
E02003051,E06000023
E02003052,E06000023
E02003053,E06000023
E02003054,E06000023
E02003055,E06000023
E02003056,E06000023
E02003057,E06000023
E02003058,E06000023
E02003059,E06000023
E02003060,E06000023
E02003061,E06000023
E02003062,E06000023
E02003063,E06000023
E02003064,E06000023
E02006887,E06000023
E02006888,E06000023
E02006889,E06000023
E02006890,E06000023
E02006949,E06000023
E02006950,E06000023
E02006951,E06000023
E02006952,E06000023
E02003065,E06000024
E02003066,E06000024
E02003067,E06000024
E02003068,E06000024
E02003069,E06000024
E02003070,E06000024
E02003071,E06000024
E02003072,E06000024
E02003073,E06000024
E02003074,E06000024
E02003075,E06000024
E02003076,E06000024
E02003077,E06000024
E02002984,E06000021
E02006974,E06000021
E02002985,E06000022
E02002986,E06000022
E02002987,E06000022
E02002988,E06000022
E02002989,E06000022
E02002990,E06000022
E02002991,E06000022
E02002992,E06000022
E02002993,E06000022
E02002994,E06000022
E02002995,E06000022
E02002996,E06000022
E02002997,E06000022
E02002998,E06000022
E02002999,E06000022
E02003000,E06000022
E02003001,E06000022
E02003002,E06000022
E02003003,E06000022
E02003004,E06000022
E02003005,E06000022
E02003006,E06000022
E02003007,E06000022
E02003008,E06000022
E02003009,E06000022
E02003010,E06000022
E02003011,E06000022
E02003012,E06000023
E02003013,E06000023
E02003014,E06000023
E02003015,E06000023
E02003016,E06000023
E02003017,E06000023
E02003018,E06000023
E02003019,E06000023
E02003020,E06000023
E02003021,E06000023
E02003022,E06000023
E02003023,E06000023
E02003024,E06000023
E02003025,E06000023
E02003026,E06000023
E02003027,E06000023
E02003028,E06000023
E02003029,E06000023
E02003030,E06000023
E02003031,E06000023
E02002932,E06000020
E02002933,E06000020
E02002934,E06000020
E02002935,E06000020
E02002936,E06000020
E02002937,E06000020
E02002938,E06000020
E02002939,E06000020
E02002940,E06000020
E02002941,E06000020
E02002942,E06000020
E02002944,E06000020
E02002945,E06000020
E02002946,E06000020
E02002947,E06000020
E02002948,E06000020
E02002949,E06000020
E02002950,E06000020
E02007050,E06000020
E02007051,E06000020
E02002951,E06000021
E02002952,E06000021
E02002953,E06000021
E02002954,E06000021
E02002955,E06000021
E02002956,E06000021
E02002957,E06000021
E02002958,E06000021
E02002959,E06000021
E02002960,E06000021
E02002961,E06000021
E02002962,E06000021
E02002963,E06000021
E02002964,E06000021
E02002965,E06000021
E02002966,E06000021
E02002967,E06000021
E02002968,E06000021
E02002969,E06000021
E02002970,E06000021
E02002973,E06000021
E02002974,E06000021
E02002975,E06000021
E02002976,E06000021
E02002977,E06000021
E02002978,E06000021
E02002979,E06000021
E02002980,E06000021
E02002981,E06000021
E02002982,E06000021
E02003262,E06000032
E02003263,E06000032
E02003264,E06000032
E02003265,E06000032
E02003266,E06000032
E02003267,E06000032
E02003268,E06000032
E02003269,E06000032
E02003270,E06000032
E02003271,E06000032
E02003272,E06000032
E02003273,E06000032
E02003274,E06000032
E02003276,E06000032
E02003277,E06000032
E02003278,E06000032
E02006937,E06000032
E02006938,E06000032
E02003279,E06000033
E02003280,E06000033
E02003281,E06000033
E02003282,E06000033
E02003283,E06000033
E02003284,E06000033
E02003285,E06000033
E02003286,E06000033
E02003287,E06000033
E02003288,E06000033
E02003289,E06000033
E02003290,E06000033
E02003291,E06000033
E02003292,E06000033
E02003293,E06000033
E02003294,E06000033
E02003295,E06000033
E02003296,E06000034
E02003297,E06000034
E02003298,E06000034
E02003299,E06000034
E02003300,E06000034
E02003301,E06000034
E02003302,E06000034
E02003303,E06000034
E02003304,E06000034
E02003305,E06000034
E02003307,E06000034
E02003308,E06000034
E02003309,E06000034
E02003311,E06000034
E02003312,E06000034
E02003408,E06000039
E02003409,E06000039
E02003410,E06000039
E02003411,E06000039
E02003412,E06000039
E02003414,E06000039
E02003313,E06000034
E02003415,E06000039
E02003416,E06000039
E02003417,E06000039
E02003418,E06000039
E02003419,E06000039
E02003420,E06000039
E02007068,E06000039
E02007069,E06000039
E02003421,E06000040
E02003422,E06000040
E02003423,E06000040
E02003424,E06000040
E02003425,E06000040
E02003426,E06000040
E02003427,E06000040
E02003428,E06000040
E02003429,E06000040
E02003430,E06000040
E02003431,E06000040
E02003432,E06000040
E02003433,E06000040
E02003434,E06000040
E02003435,E06000040
E02003436,E06000040
E02003437,E06000040
E02003438,E06000040
E02003439,E06000041
E02003440,E06000041
E02003441,E06000041
E02003442,E06000041
E02003443,E06000041
E02003444,E06000041
E02003445,E06000041
E02003446,E06000041
E02003447,E06000041
E02003448,E06000041
E02003449,E06000041
E02003450,E06000041
E02003451,E06000041
E02003452,E06000041
E02003453,E06000041
E02003454,E06000041
E02003455,E06000041
E02003456,E06000041
E02003457,E06000041
E02003458,E06000041
E02003459,E06000042
E02003460,E06000042
E02003461,E06000042
E02003462,E06000042
E02003463,E06000042
E02003464,E06000042
E02003465,E06000042
E02003466,E06000042
E02003467,E06000042
E02003468,E06000042
E02003469,E06000042
E02003470,E06000042
E02003471,E06000042
E02003359,E06000036
E02003472,E06000042
E02003473,E06000042
E02003474,E06000042
E02003476,E06000042
E02003478,E06000042
E02003479,E06000042
E02003480,E06000042
E02003481,E06000042
E02003482,E06000042
E02003483,E06000042
E02003484,E06000042
E02003485,E06000042
E02003486,E06000042
E02003487,E06000042
E02003488,E06000042
E02003489,E06000042
E02003490,E06000042
E02007012,E06000042
E02007013,E06000042
E02007014,E06000042
E02007015,E06000042
E02007016,E06000042
E02003491,E06000043
E02003492,E06000043
E02003493,E06000043
E02003494,E06000043
E02003495,E06000043
E02003496,E06000043
E02003497,E06000043
E02003498,E06000043
E02003499,E06000043
E02003500,E06000043
E02003501,E06000043
E02003502,E06000043
E02003503,E06000043
E02003504,E06000043
E02006859,E06000034
E02003360,E06000036
E02003505,E06000043
E02003361,E06000036
E02003506,E06000043
E02006926,E06000034
E02003362,E06000036
E02003507,E06000043
E02007004,E06000034
E02003363,E06000036
E02004343,E06000047
E02003508,E06000043
E02007005,E06000034
E02003364,E06000036
E02004344,E06000047
E02003509,E06000043
E02003314,E06000035
E02003365,E06000036
E02004345,E06000047
E02003510,E06000043
E02003315,E06000035
E02003366,E06000036
E02004348,E06000047
E02003316,E06000035
E02003511,E06000043
E02003317,E06000035
E02003367,E06000037
E02003512,E06000043
E02004349,E06000047
E02004350,E06000047
E02004351,E06000047
E02004352,E06000047
E02004353,E06000047
E02004354,E06000047
E02003513,E06000043
E02004355,E06000047
E02003368,E06000037
E02004293,E06000047
E02003514,E06000043
E02003318,E06000035
E02007022,E06000047
E02003553,E06000045
E02003369,E06000037
E02004294,E06000047
E02003515,E06000043
E02003319,E06000035
E02003811,E06000049
E02003370,E06000037
E02003554,E06000045
E02004295,E06000047
E02003516,E06000043
E02003320,E06000035
E02003812,E06000049
E02003371,E06000037
E02003555,E06000045
E02004296,E06000047
E02003517,E06000043
E02003321,E06000035
E02003813,E06000049
E02003372,E06000037
E02003556,E06000045
E02004297,E06000047
E02003518,E06000043
E02003322,E06000035
E02003814,E06000049
E02003373,E06000037
E02003557,E06000045
E02004298,E06000047
E02003519,E06000043
E02003323,E06000035
E02003815,E06000049
E02003374,E06000037
E02003558,E06000045
E02004299,E06000047
E02003520,E06000043
E02003324,E06000035
E02003816,E06000049
E02003375,E06000037
E02003559,E06000045
E02004300,E06000047
E02003521,E06000043
E02003325,E06000035
E02003817,E06000049
E02003376,E06000037
E02003560,E06000045
E02003561,E06000045
E02003562,E06000045
E02003563,E06000045
E02003564,E06000045
E02003565,E06000045
E02003566,E06000045
E02003567,E06000045
E02003568,E06000045
E02003569,E06000045
E02003570,E06000045
E02003571,E06000045
E02003572,E06000045
E02003573,E06000045
E02003574,E06000045
E02003575,E06000045
E02003576,E06000045
E02003578,E06000045
E02003579,E06000045
E02003580,E06000045
E02007074,E06000045
E02007075,E06000045
E02003581,E06000046
E02003582,E06000046
E02003583,E06000046
E02003584,E06000046
E02003585,E06000046
E02003586,E06000046
E02003587,E06000046
E02003588,E06000046
E02003589,E06000046
E02003590,E06000046
E02003591,E06000046
E02003592,E06000046
E02003593,E06000046
E02003594,E06000046
E02003595,E06000046
E02003596,E06000046
E02003597,E06000046
E02003598,E06000046
E02004290,E06000047
E02004291,E06000047
E02004292,E06000047
E02003377,E06000037
E02003378,E06000037
E02003379,E06000037
E02003380,E06000037
E02003381,E06000037
E02003382,E06000037
E02003383,E06000037
E02003384,E06000037
E02003385,E06000037
E02003386,E06000037
E02003387,E06000037
E02003388,E06000037
E02003389,E06000038
E02003390,E06000038
E02003391,E06000038
E02003392,E06000038
E02003393,E06000038
E02003394,E06000038
E02003395,E06000038
E02003396,E06000038
E02003397,E06000038
E02003398,E06000038
E02003400,E06000038
E02003401,E06000038
E02003402,E06000038
E02003403,E06000038
E02003404,E06000038
E02003405,E06000038
E02003406,E06000038
E02006939,E06000038
E02006940,E06000038
E02003407,E06000039
E02003326,E06000035
E02003818,E06000049
E02003522,E06000043
E02004301,E06000047
E02003523,E06000043
E02003524,E06000044
E02003525,E06000044
E02003526,E06000044
E02003527,E06000044
E02003529,E06000044
E02003530,E06000044
E02003531,E06000044
E02003532,E06000044
E02003533,E06000044
E02003534,E06000044
E02003535,E06000044
E02003536,E06000044
E02003537,E06000044
E02003538,E06000044
E02003540,E06000044
E02003541,E06000044
E02003542,E06000044
E02003543,E06000044
E02003544,E06000044
E02003819,E06000049
E02003545,E06000044
E02003327,E06000035
E02003820,E06000049
E02003546,E06000044
E02003328,E06000035
E02004302,E06000047
E02003821,E06000049
E02003547,E06000044
E02003329,E06000035
E02004303,E06000047
E02003822,E06000049
E02003548,E06000044
E02003330,E06000035
E02004304,E06000047
E02003823,E06000049
E02006821,E06000044
E02003331,E06000035
E02004305,E06000047
E02003824,E06000049
E02006975,E06000044
E02003332,E06000035
E02004306,E06000047
E02003825,E06000049
E02006976,E06000044
E02003333,E06000035
E02004307,E06000047
E02003826,E06000049
E02003549,E06000045
E02003334,E06000035
E02004308,E06000047
E02004309,E06000047
E02004310,E06000047
E02004311,E06000047
E02004312,E06000047
E02004313,E06000047
E02004314,E06000047
E02004315,E06000047
E02004316,E06000047
E02004317,E06000047
E02004318,E06000047
E02004319,E06000047
E02004320,E06000047
E02004321,E06000047
E02004322,E06000047
E02004323,E06000047
E02004324,E06000047
E02004325,E06000047
E02004326,E06000047
E02004327,E06000047
E02004328,E06000047
E02004329,E06000047
E02004330,E06000047
E02004331,E06000047
E02004332,E06000047
E02004333,E06000047
E02004334,E06000047
E02004335,E06000047
E02004336,E06000047
E02004337,E06000047
E02004338,E06000047
E02004339,E06000047
E02004340,E06000047
E02004341,E06000047
E02004342,E06000047
E02003335,E06000035
E02003827,E06000049
E02003336,E06000035
E02003337,E06000035
E02003828,E06000049
E02003338,E06000035
E02003829,E06000049
E02003550,E06000045
E02003339,E06000035
E02003830,E06000049
E02003551,E06000045
E02003340,E06000035
E02003831,E06000049
E02003552,E06000045
E02003341,E06000035
E02003832,E06000049
E02003342,E06000035
E02003833,E06000049
E02003343,E06000035
E02003834,E06000049
E02003344,E06000035
E02003345,E06000035
E02003835,E06000049
E02003346,E06000035
E02003836,E06000049
E02003347,E06000035
E02003838,E06000049
E02003348,E06000035
E02003349,E06000035
E02003839,E06000049
E02003350,E06000035
E02003840,E06000049
E02003351,E06000035
E02003853,E06000049
E02003352,E06000036
E02003854,E06000049
E02003353,E06000036
E02003855,E06000049
E02003354,E06000036
E02003856,E06000049
E02003355,E06000036
E02003857,E06000049
E02003356,E06000036
E02003858,E06000049
E02003357,E06000036
E02003859,E06000049
E02003358,E06000036
E02003860,E06000049
E02003861,E06000049
E02003892,E06000052
E02003893,E06000052
E02003894,E06000052
E02003895,E06000052
E02003896,E06000052
E02003897,E06000052
E02003898,E06000052
E02003899,E06000052
E02003900,E06000052
E02003862,E06000049
E02003901,E06000052
E02003902,E06000052
E02003863,E06000049
E02003903,E06000052
E02003864,E06000049
E02003904,E06000052
E02006661,E06000054
E02003865,E06000049
E02003905,E06000052
E02003942,E06000052
E02006662,E06000054
E02003866,E06000049
E02003881,E06000050
E02005710,E06000057
E02003906,E06000052
E02003943,E06000052
E02006663,E06000054
E02003867,E06000049
E02003882,E06000050
E02005711,E06000057
E02003907,E06000052
E02003944,E06000052
E02006664,E06000054
E02003868,E06000049
E02003883,E06000050
E02005712,E06000057
E02003908,E06000052
E02003945,E06000052
E02006665,E06000054
E02003869,E06000049
E02003884,E06000050
E02005713,E06000057
E02003909,E06000052
E02003910,E06000052
E02003911,E06000052
E02003912,E06000052
E02003913,E06000052
E02003914,E06000052
E02003915,E06000052
E02003916,E06000052
E02003917,E06000052
E02003918,E06000052
E02003919,E06000052
E02003920,E06000052
E02003921,E06000052
E02003922,E06000052
E02003923,E06000052
E02003924,E06000052
E02003925,E06000052
E02003926,E06000052
E02003927,E06000052
E02003928,E06000052
E02003929,E06000052
E02003930,E06000052
E02003931,E06000052
E02003932,E06000052
E02003933,E06000052
E02003934,E06000052
E02003935,E06000052
E02003936,E06000052
E02003937,E06000052
E02003938,E06000052
E02003939,E06000052
E02003940,E06000052
E02003941,E06000052
E02005715,E06000057
E02005717,E06000057
E02005718,E06000057
E02005719,E06000057
E02005720,E06000057
E02005721,E06000057
E02005722,E06000057
E02005723,E06000057
E02005724,E06000057
E02005725,E06000057
E02005726,E06000057
E02005727,E06000057
E02005728,E06000057
E02005729,E06000057
E02005730,E06000057
E02005731,E06000057
E02005733,E06000057
E02005734,E06000057
E02005735,E06000057
E02005736,E06000057
E02006666,E06000054
E02005739,E06000057
E02003870,E06000049
E02006667,E06000054
E02003885,E06000050
E02005740,E06000057
E02003871,E06000049
E02003946,E06000052
E02006668,E06000054
E02003886,E06000050
E02005741,E06000057
E02007105,E06000057
E02007106,E06000057
E02007107,E06000057
E02003172,E06000058
E02003173,E06000058
E02003174,E06000058
E02003175,E06000058
E02003176,E06000058
E02003177,E06000058
E02003178,E06000058
E02003179,E06000058
E02003180,E06000058
E02003181,E06000058
E02003182,E06000058
E02003183,E06000058
E02003184,E06000058
E02003185,E06000058
E02003186,E06000058
E02003187,E06000058
E02003188,E06000058
E02003189,E06000058
E02003190,E06000058
E02003191,E06000058
E02003872,E06000049
E02003873,E06000049
E02007030,E06000049
E02007031,E06000049
E02003794,E06000050
E02003795,E06000050
E02003796,E06000050
E02003797,E06000050
E02003798,E06000050
E02003799,E06000050
E02003800,E06000050
E02003801,E06000050
E02003802,E06000050
E02003803,E06000050
E02003804,E06000050
E02003805,E06000050
E02003806,E06000050
E02003807,E06000050
E02003808,E06000050
E02003809,E06000050
E02003810,E06000050
E02003841,E06000050
E02003842,E06000050
E02003843,E06000050
E02003844,E06000050
E02003845,E06000050
E02003846,E06000050
E02003847,E06000050
E02003848,E06000050
E02003849,E06000050
E02003850,E06000050
E02003851,E06000050
E02003852,E06000050
E02003874,E06000050
E02003875,E06000050
E02003876,E06000050
E02003877,E06000050
E02003878,E06000050
E02003879,E06000050
E02003880,E06000050
E02003947,E06000052
E02003887,E06000050
E02006669,E06000054
E02006670,E06000054
E02006671,E06000054
E02006672,E06000054
E02006673,E06000054
E02006674,E06000054
E02006675,E06000054
E02006676,E06000054
E02006677,E06000054
E02006678,E06000054
E02006679,E06000054
E02006680,E06000054
E02006681,E06000054
E02006682,E06000054
E02006683,E06000054
E02006684,E06000054
E02006685,E06000054
E02006686,E06000054
E02006687,E06000054
E02006688,E06000054
E02006689,E06000054
E02006690,E06000054
E02006692,E06000054
E02006693,E06000054
E02006694,E06000054
E02006695,E06000054
E02007023,E06000054
E02003948,E06000052
E02007024,E06000054
E02003888,E06000050
E02003949,E06000052
E02007025,E06000054
E02007026,E06000054
E02003616,E06000055
E02003617,E06000055
E02003618,E06000055
E02003619,E06000055
E02003620,E06000055
E02003621,E06000055
E02003622,E06000055
E02003623,E06000055
E02003624,E06000055
E02003625,E06000055
E02003626,E06000055
E02003627,E06000055
E02003889,E06000050
E02003950,E06000052
E02003890,E06000050
E02003891,E06000050
E02003951,E06000052
E02006008,E06000051
E02003952,E06000052
E02003192,E06000058
E02006009,E06000051
E02003953,E06000052
E02003194,E06000058
E02006010,E06000051
E02003954,E06000052
E02003195,E06000058
E02006011,E06000051
E02003955,E06000052
E02003196,E06000058
E02006012,E06000051
E02003956,E06000052
E02003197,E06000058
E02006013,E06000051
E02003957,E06000052
E02003198,E06000058
E02006014,E06000051
E02003958,E06000052
E02003199,E06000058
E02006015,E06000051
E02003959,E06000052
E02003200,E06000058
E02006016,E06000051
E02003960,E06000052
E02003201,E06000058
E02006017,E06000051
E02003961,E06000052
E02003202,E06000058
E02006018,E06000051
E02003962,E06000052
E02003203,E06000058
E02006019,E06000051
E02003963,E06000052
E02003204,E06000058
E02006020,E06000051
E02003964,E06000052
E02003205,E06000058
E02003206,E06000058
E02003207,E06000058
E02003208,E06000058
E02003209,E06000058
E02003210,E06000058
E02003211,E06000058
E02004236,E06000058
E02004237,E06000058
E02004238,E06000058
E02004239,E06000058
E02004240,E06000058
E02004241,E06000058
E02004242,E06000058
E02006883,E06000058
E02006885,E06000058
E02004243,E06000059
E02004244,E06000059
E02004245,E06000059
E02004246,E06000059
E02004247,E06000059
E02004248,E06000059
E02004249,E06000059
E02004250,E06000059
E02004251,E06000059
E02004252,E06000059
E02004253,E06000059
E02004254,E06000059
E02004255,E06000059
E02004256,E06000059
E02004257,E06000059
E02004258,E06000059
E02004259,E06000059
E02004260,E06000059
E02004261,E06000059
E02004262,E06000059
E02004263,E06000059
E02004264,E06000059
E02003628,E06000055
E02003629,E06000055
E02003630,E06000055
E02003631,E06000055
E02003632,E06000055
E02003633,E06000055
E02003635,E06000055
E02007010,E06000055
E02007011,E06000055
E02003599,E06000056
E02003600,E06000056
E02003601,E06000056
E02003602,E06000056
E02003603,E06000056
E02003604,E06000056
E02003605,E06000056
E02003606,E06000056
E02006021,E06000051
E02003607,E06000056
E02003608,E06000056
E02003609,E06000056
E02003610,E06000056
E02003611,E06000056
E02003612,E06000056
E02003613,E06000056
E02003614,E06000056
E02003615,E06000056
E02003636,E06000056
E02003637,E06000056
E02003638,E06000056
E02003639,E06000056
E02003640,E06000056
E02003641,E06000056
E02003642,E06000056
E02003643,E06000056
E02003644,E06000056
E02003645,E06000056
E02003646,E06000056
E02003647,E06000056
E02003648,E06000056
E02003649,E06000056
E02003650,E06000056
E02003651,E06000056
E02005702,E06000057
E02005703,E06000057
E02005704,E06000057
E02005705,E06000057
E02005706,E06000057
E02005707,E06000057
E02005708,E06000057
E02005709,E06000057
E02006781,E06000053
E02006022,E06000051
E02006023,E06000051
E02006024,E06000051
E02006025,E06000051
E02006026,E06000051
E02006027,E06000051
E02006028,E06000051
E02006029,E06000051
E02006030,E06000051
E02006031,E06000051
E02006032,E06000051
E02006033,E06000051
E02006034,E06000051
E02006035,E06000051
E02006036,E06000051
E02006037,E06000051
E02006038,E06000051
E02006039,E06000051
E02006040,E06000051
E02006634,E06000054
E02006041,E06000051
E02006635,E06000054
E02006042,E06000051
E02006636,E06000054
E02006043,E06000051
E02006637,E06000054
E02006044,E06000051
E02006638,E06000054
E02006045,E06000051
E02006639,E06000054
E02006046,E06000051
E02006640,E06000054
E02006641,E06000054
E02006642,E06000054
E02006644,E06000054
E02006645,E06000054
E02006646,E06000054
E02006647,E06000054
E02006648,E06000054
E02006649,E06000054
E02006650,E06000054
E02006651,E06000054
E02006652,E06000054
E02006653,E06000054
E02006654,E06000054
E02006655,E06000054
E02006656,E06000054
E02006657,E06000054
E02006658,E06000054
E02006659,E06000054
E02006660,E06000054
E02005630,E06000061
E02005631,E06000061
E02005632,E06000061
E02005633,E06000061
E02005634,E06000061
E02005635,E06000061
E02005636,E06000061
E02005637,E06000061
E02005638,E06000061
E02005639,E06000061
E02005640,E06000061
E02005641,E06000061
E02005642,E06000061
E02005643,E06000061
E02005644,E06000061
E02005645,E06000061
E02005646,E06000061
E02005647,E06000061
E02005648,E06000061
E02005692,E06000061
E02005693,E06000061
E02005694,E06000061
E02005695,E06000061
E02005696,E06000061
E02005697,E06000061
E02005698,E06000061
E02005699,E06000061
E02005700,E06000061
E02005701,E06000061
E02006862,E06000061
E02006863,E06000061
E02007070,E06000061
E02007071,E06000061
E02005619,E06000062
E02005620,E06000062
E02005621,E06000062
E02005622,E06000062
E02005623,E06000062
E02005624,E06000062
E02005625,E06000062
E02005626,E06000062
E02005627,E06000062
E02005628,E06000062
E02005650,E06000062
E02005651,E06000062
E02005652,E06000062
E02005653,E06000062
E02004265,E06000059
E02005654,E06000062
E02005655,E06000062
E02005656,E06000062
E02003676,E06000060
E02003989,E06000063
E02005797,E06000065
E02005798,E06000065
E02005799,E06000065
E02005800,E06000065
E02005801,E06000065
E02005802,E06000065
E02005803,E06000065
E02005804,E06000065
E02005805,E06000065
E02005806,E06000065
E02005807,E06000065
E02005808,E06000065
E02005809,E06000065
E02005810,E06000065
E02005811,E06000065
E02005812,E06000065
E02003990,E06000063
E02004266,E06000059
E02005813,E06000065
E02003991,E06000063
E02005657,E06000062
E02004267,E06000059
E02003677,E06000060
E02006070,E06000066
E02005814,E06000065
E02003992,E06000063
E02005658,E06000062
E02004268,E06000059
E02003678,E06000060
E02006071,E06000066
E02005815,E06000065
E02003993,E06000063
E02005659,E06000062
E02004269,E06000059
E02003679,E06000060
E02006072,E06000066
E02005816,E06000065
E02003994,E06000063
E02005660,E06000062
E02004270,E06000059
E02003680,E06000060
E02006073,E06000066
E02005817,E06000065
E02003995,E06000063
E02005661,E06000062
E02004271,E06000059
E02003681,E06000060
E02006074,E06000066
E02005818,E06000065
E02003996,E06000063
E02005662,E06000062
E02004272,E06000059
E02003682,E06000060
E02006075,E06000066
E02007041,E06000065
E02003997,E06000063
E02005663,E06000062
E02004273,E06000059
E02003683,E06000060
E02006076,E06000066
E02007042,E06000065
E02003998,E06000063
E02005664,E06000062
E02005665,E06000062
E02005666,E06000062
E02005667,E06000062
E02005668,E06000062
E02005669,E06000062
E02005670,E06000062
E02005671,E06000062
E02005672,E06000062
E02005673,E06000062
E02005674,E06000062
E02005675,E06000062
E02005676,E06000062
E02005677,E06000062
E02005679,E06000062
E02005680,E06000062
E02005681,E06000062
E02005682,E06000062
E02005683,E06000062
E02005684,E06000062
E02005685,E06000062
E02005686,E06000062
E02005687,E06000062
E02005688,E06000062
E02005689,E06000062
E02005690,E06000062
E02005691,E06000062
E02007072,E06000062
E02007073,E06000062
E02003965,E06000063
E02003966,E06000063
E02003967,E06000063
E02003968,E06000063
E02003969,E06000063
E02003970,E06000063
E02003971,E06000063
E02003972,E06000063
E02003973,E06000063
E02003974,E06000063
E02003975,E06000063
E02003976,E06000063
E02003987,E06000063
E02003988,E06000063
E02003999,E06000063
E02004000,E06000063
E02004001,E06000063
E02004002,E06000063
E02004003,E06000063
E02004004,E06000063
E02004005,E06000063
E02004006,E06000063
E02004007,E06000063
E02003977,E06000064
E02003978,E06000064
E02003979,E06000064
E02003980,E06000064
E02003981,E06000064
E02003982,E06000064
E02003983,E06000064
E02003984,E06000064
E02003985,E06000064
E02003986,E06000064
E02004008,E06000064
E02004009,E06000064
E02004010,E06000064
E02004011,E06000064
E02004012,E06000064
E02004013,E06000064
E02004014,E06000064
E02004015,E06000064
E02004016,E06000064
E02004017,E06000064
E02004018,E06000064
E02004019,E06000064
E02004020,E06000064
E02004021,E06000064
E02004022,E06000064
E02004023,E06000064
E02004024,E06000064
E02004025,E06000064
E02004026,E06000064
E02004027,E06000064
E02004028,E06000064
E02007043,E06000065
E02003685,E06000060
E02006077,E06000066
E02004274,E06000059
E02006078,E06000066
E02003686,E06000060
E02006079,E06000066
E02006080,E06000066
E02003687,E06000060
E02006081,E06000066
E02003688,E06000060
E02006082,E06000066
E02003689,E06000060
E02004275,E06000059
E02006083,E06000066
E02007044,E06000065
E02003690,E06000060
E02004276,E06000059
E02006084,E06000066
E02007045,E06000065
E02003691,E06000060
E02004278,E06000059
E02006085,E06000066
E02006047,E06000066
E02003692,E06000060
E02004279,E06000059
E02006086,E06000066
E02006048,E06000066
E02003693,E06000060
E02004280,E06000059
E02006087,E06000066
E02006049,E06000066
E02003694,E06000060
E02006050,E06000066
E02006088,E06000066
E02004281,E06000059
E02003695,E06000060
E02004282,E06000059
E02006089,E06000066
E02003696,E06000060
E02004283,E06000059
E02006090,E06000066
E02006051,E06000066
E02003697,E06000060
E02004284,E06000059
E02006091,E06000066
E02006052,E06000066
E02003698,E06000060
E02004285,E06000059
E02006092,E06000066
E02006053,E06000066
E02003699,E06000060
E02004286,E06000059
E02006093,E06000066
E02006054,E06000066
E02003701,E06000060
E02004287,E06000059
E02006094,E06000066
E02006055,E06000066
E02003702,E06000060
E02004288,E06000059
E02006095,E06000066
E02006056,E06000066
E02003703,E06000060
E02004289,E06000059
E02006096,E06000066
E02006057,E06000066
E02003704,E06000060
E02007006,E06000059
E02006097,E06000066
E02006058,E06000066
E02003705,E06000060
E02007007,E06000059
E02006098,E06000066
E02006059,E06000066
E02003706,E06000060
E02003652,E06000060
E02006099,E06000066
E02006060,E06000066
E02003707,E06000060
E02003653,E06000060
E02006100,E06000066
E02006061,E06000066
E02003708,E06000060
E02003654,E06000060
E02006101,E06000066
E02006062,E06000066
E02003709,E06000060
E02003655,E06000060
E02006102,E06000066
E02006063,E06000066
E02003710,E06000060
E02005742,E06000065
E02003656,E06000060
E02006103,E06000066
E02006064,E06000066
E02003711,E06000060
E02003712,E06000060
E02003713,E06000060
E02003714,E06000060
E02003715,E06000060
E02003716,E06000060
E02003717,E06000060
E02003718,E06000060
E02006823,E06000060
E02006824,E06000060
E02005612,E06000061
E02005613,E06000061
E02005614,E06000061
E02005615,E06000061
E02005616,E06000061
E02005617,E06000061
E02005629,E06000061
E02006065,E06000066
E02006066,E06000066
E02006067,E06000066
E02006068,E06000066
E02006069,E06000066
E02006104,E06000066
E02006105,E06000066
E02006106,E06000066
E02006107,E06000066
E02006108,E06000066
E02006109,E06000066
E02006110,E06000066
E02006111,E06000066
E02006112,E06000066
E02006113,E06000066
E02006114,E06000066
E02006115,E06000066
E02006116,E06000066
E02006117,E06000066
E02003719,E07000008
E02003720,E07000008
E02003657,E06000060
E02003658,E06000060
E02003659,E06000060
E02003660,E06000060
E02003661,E06000060
E02003662,E06000060
E02003663,E06000060
E02003664,E06000060
E02003665,E06000060
E02003666,E06000060
E02003667,E06000060
E02003668,E06000060
E02003669,E06000060
E02003670,E06000060
E02003671,E06000060
E02003672,E06000060
E02003673,E06000060
E02003674,E06000060
E02003675,E06000060
E02005744,E06000065
E02005746,E06000065
E02005747,E06000065
E02005748,E06000065
E02005749,E06000065
E02005750,E06000065
E02005751,E06000065
E02005752,E06000065
E02005754,E06000065
E02005755,E06000065
E02005756,E06000065
E02005757,E06000065
E02005758,E06000065
E02005759,E06000065
E02005760,E06000065
E02005761,E06000065
E02005762,E06000065
E02005763,E06000065
E02005764,E06000065
E02005765,E06000065
E02005766,E06000065
E02005767,E06000065
E02005768,E06000065
E02005769,E06000065
E02005770,E06000065
E02005771,E06000065
E02005772,E06000065
E02005773,E06000065
E02005774,E06000065
E02005775,E06000065
E02005776,E06000065
E02005777,E06000065
E02005778,E06000065
E02005779,E06000065
E02005780,E06000065
E02005781,E06000065
E02005782,E06000065
E02005783,E06000065
E02005784,E06000065
E02005785,E06000065
E02005786,E06000065
E02005787,E06000065
E02005788,E06000065
E02005789,E06000065
E02005790,E06000065
E02005791,E06000065
E02005794,E06000065
E02005795,E06000065
E02005796,E06000065
E02003770,E07000011
E02003771,E07000011
E02003772,E07000011
E02003773,E07000011
E02003774,E07000011
E02003775,E07000012
E02003776,E07000012
E02003777,E07000012
E02003778,E07000012
E02003780,E07000012
E02003781,E07000012
E02003784,E07000012
E02003785,E07000012
E02003786,E07000012
E02003787,E07000012
E02003788,E07000012
E02003789,E07000012
E02003790,E07000012
E02003791,E07000012
E02003792,E07000012
E02003793,E07000012
E02006873,E07000012
E02006874,E07000012
E02007085,E07000012
E02004029,E07000032
E02004030,E07000032
E02004031,E07000032
E02004032,E07000032
E02004033,E07000032
E02004034,E07000032
E02004035,E07000032
E02004036,E07000032
E02004037,E07000032
E02004038,E07000032
E02004039,E07000032
E02004040,E07000032
E02004041,E07000032
E02004043,E07000032
E02004044,E07000032
E02006827,E07000032
E02004045,E07000033
E02004046,E07000033
E02004047,E07000033
E02004048,E07000033
E02004049,E07000033
E02004050,E07000033
E02004051,E07000033
E02004052,E07000033
E02004053,E07000033
E02004054,E07000033
E02004108,E07000038
E02004374,E07000062
E02004055,E07000034
E02003721,E07000008
E02004424,E07000066
E02003722,E07000008
E02003723,E07000008
E02003724,E07000008
E02003725,E07000008
E02003726,E07000008
E02003727,E07000008
E02003728,E07000008
E02003729,E07000008
E02003731,E07000008
E02007086,E07000008
E02007087,E07000008
E02003732,E07000009
E02004425,E07000066
E02003733,E07000009
E02004056,E07000034
E02004205,E07000045
E02004155,E07000041
E02004426,E07000066
E02004156,E07000041
E02004427,E07000066
E02004157,E07000041
E02004428,E07000066
E02004158,E07000041
E02004206,E07000045
E02004109,E07000038
E02003734,E07000009
E02004207,E07000045
E02004159,E07000041
E02004110,E07000038
E02004429,E07000066
E02004057,E07000034
E02004375,E07000062
E02004430,E07000066
E02004376,E07000062
E02004058,E07000034
E02004160,E07000041
E02004431,E07000066
E02004377,E07000062
E02004111,E07000038
E02004059,E07000034
E02004161,E07000041
E02004208,E07000045
E02003735,E07000009
E02004432,E07000066
E02004378,E07000062
E02004112,E07000038
E02004060,E07000034
E02004162,E07000041
E02004209,E07000045
E02003736,E07000009
E02003737,E07000009
E02003738,E07000009
E02003739,E07000009
E02003740,E07000009
E02006825,E07000009
E02003742,E07000010
E02003743,E07000010
E02003744,E07000010
E02003745,E07000010
E02003746,E07000010
E02003747,E07000010
E02003748,E07000010
E02003749,E07000010
E02003750,E07000010
E02003751,E07000010
E02003752,E07000010
E02003753,E07000011
E02003754,E07000011
E02003755,E07000011
E02003756,E07000011
E02003757,E07000011
E02003758,E07000011
E02003759,E07000011
E02003760,E07000011
E02003761,E07000011
E02003762,E07000011
E02003763,E07000011
E02003764,E07000011
E02003765,E07000011
E02003766,E07000011
E02003767,E07000011
E02003768,E07000011
E02003769,E07000011
E02004113,E07000038
E02004114,E07000038
E02004115,E07000038
E02004116,E07000038
E02004117,E07000038
E02006804,E07000038
E02004118,E07000039
E02004119,E07000039
E02004120,E07000039
E02004121,E07000039
E02004122,E07000039
E02004123,E07000039
E02004124,E07000039
E02004125,E07000039
E02004126,E07000039
E02004128,E07000039
E02006919,E07000039
E02006920,E07000039
E02004129,E07000040
E02004130,E07000040
E02004379,E07000063
E02004131,E07000040
E02004433,E07000066
E02004380,E07000063
E02004061,E07000034
E02004434,E07000066
E02004381,E07000063
E02004163,E07000041
E02004132,E07000040
E02004210,E07000045
E02004133,E07000040
E02004211,E07000045
E02004164,E07000042
E02004135,E07000040
E02004435,E07000066
E02004212,E07000045
E02004165,E07000042
E02004382,E07000063
E02004062,E07000034
E02004136,E07000040
E02004436,E07000066
E02004213,E07000045
E02004166,E07000042
E02004383,E07000063
E02004063,E07000034
E02004137,E07000040
E02004437,E07000066
E02004214,E07000045
E02004167,E07000042
E02004384,E07000063
E02004064,E07000034
E02004138,E07000040
E02004438,E07000066
E02004215,E07000045
E02004168,E07000042
E02004385,E07000063
E02004065,E07000034
E02004139,E07000040
E02004439,E07000066
E02004216,E07000045
E02004217,E07000045
E02004218,E07000045
E02004219,E07000045
E02004220,E07000046
E02004221,E07000046
E02004222,E07000046
E02004223,E07000046
E02004224,E07000046
E02004225,E07000046
E02004226,E07000046
E02004227,E07000046
E02004228,E07000046
E02004229,E07000047
E02004230,E07000047
E02004231,E07000047
E02004232,E07000047
E02004233,E07000047
E02004234,E07000047
E02004235,E07000047
E02004356,E07000061
E02004357,E07000061
E02004358,E07000061
E02004359,E07000061
E02004361,E07000061
E02004362,E07000061
E02004363,E07000061
E02004364,E07000061
E02004365,E07000061
E02004366,E07000061
E02004367,E07000061
E02006857,E07000061
E02006858,E07000061
E02004368,E07000062
E02004369,E07000062
E02004370,E07000062
E02004371,E07000062
E02004372,E07000062
E02004373,E07000062
E02004440,E07000066
E02004441,E07000066
E02004442,E07000066
E02004443,E07000066
E02004444,E07000066
E02004445,E07000066
E02004446,E07000067
E02004447,E07000067
E02004448,E07000067
E02004449,E07000067
E02004450,E07000067
E02004451,E07000067
E02004452,E07000067
E02004453,E07000067
E02004454,E07000067
E02004455,E07000067
E02004456,E07000067
E02004457,E07000067
E02004458,E07000067
E02004169,E07000042
E02004459,E07000067
E02004140,E07000040
E02004170,E07000042
E02004386,E07000063
E02004460,E07000067
E02004066,E07000034
E02004141,E07000040
E02004171,E07000042
E02004172,E07000042
E02004173,E07000042
E02004174,E07000042
E02004175,E07000043
E02004176,E07000043
E02004177,E07000043
E02004178,E07000043
E02004179,E07000043
E02004180,E07000043
E02004181,E07000043
E02004182,E07000043
E02004183,E07000043
E02004184,E07000043
E02004185,E07000043
E02004186,E07000043
E02004187,E07000043
E02004188,E07000043
E02004189,E07000044
E02004190,E07000044
E02004191,E07000044
E02004192,E07000044
E02004193,E07000044
E02004194,E07000044
E02004195,E07000044
E02004196,E07000044
E02004197,E07000044
E02004198,E07000044
E02004199,E07000044
E02004200,E07000044
E02004201,E07000045
E02004202,E07000045
E02004203,E07000045
E02004204,E07000045
E02004142,E07000040
E02004143,E07000040
E02004144,E07000040
E02004145,E07000040
E02004146,E07000040
E02004147,E07000040
E02004148,E07000040
E02007027,E07000040
E02007028,E07000040
E02004149,E07000041
E02004150,E07000041
E02004151,E07000041
E02004152,E07000041
E02004153,E07000041
E02004154,E07000041
E02004387,E07000063
E02004388,E07000063
E02004389,E07000063
E02004390,E07000063
E02004461,E07000067
E02004391,E07000063
E02004067,E07000034
E02004462,E07000067
E02004392,E07000064
E02004068,E07000035
E02004463,E07000067
E02004393,E07000064
E02004069,E07000035
E02004464,E07000068
E02004394,E07000064
E02004072,E07000035
E02004465,E07000068
E02004395,E07000064
E02004466,E07000068
E02004073,E07000035
E02004467,E07000068
E02004074,E07000035
E02004396,E07000064
E02004468,E07000068
E02004075,E07000035
E02004397,E07000064
E02004469,E07000068
E02004076,E07000035
E02004398,E07000064
E02004470,E07000068
E02004077,E07000035
E02004399,E07000064
E02004471,E07000068
E02007029,E07000035
E02004400,E07000064
E02004472,E07000068
E02004078,E07000036
E02004401,E07000064
E02004473,E07000069
E02004080,E07000036
E02004402,E07000064
E02004081,E07000036
E02004403,E07000065
E02004082,E07000036
E02004404,E07000065
E02004083,E07000036
E02004405,E07000065
E02004084,E07000036
E02004406,E07000065
E02004085,E07000036
E02004407,E07000065
E02004086,E07000036
E02004408,E07000065
E02004087,E07000036
E02004409,E07000065
E02004088,E07000036
E02004410,E07000065
E02004089,E07000036
E02004411,E07000065
E02004090,E07000036
E02004412,E07000065
E02004091,E07000036
E02004413,E07000065
E02004092,E07000036
E02004414,E07000065
E02006828,E07000036
E02004415,E07000065
E02004093,E07000037
E02004416,E07000065
E02004094,E07000037
E02004417,E07000065
E02004095,E07000037
E02004418,E07000065
E02004096,E07000037
E02004419,E07000065
E02004097,E07000037
E02004420,E07000065
E02004098,E07000037
E02004421,E07000065
E02004100,E07000037
E02004422,E07000065
E02004102,E07000037
E02004423,E07000065
E02004103,E07000037
E02004104,E07000037
E02006872,E07000037
E02004105,E07000038
E02004106,E07000038
E02006981,E07000075
E02004573,E07000076
E02004574,E07000076
E02004575,E07000076
E02004576,E07000076
E02004577,E07000076
E02004578,E07000076
E02004579,E07000076
E02004580,E07000076
E02004581,E07000076
E02004582,E07000076
E02004583,E07000076
E02004584,E07000076
E02004585,E07000076
E02004586,E07000076
E02004587,E07000076
E02004588,E07000076
E02004589,E07000076
E02004590,E07000076
E02004591,E07000077
E02004592,E07000077
E02004593,E07000077
E02004594,E07000077
E02004595,E07000077
E02004596,E07000077
E02004597,E07000077
E02004598,E07000077
E02004599,E07000077
E02004600,E07000078
E02004601,E07000078
E02004602,E07000078
E02004603,E07000078
E02004604,E07000078
E02004605,E07000078
E02004606,E07000078
E02004607,E07000078
E02004608,E07000078
E02004609,E07000078
E02004610,E07000078
E02004611,E07000078
E02004612,E07000078
E02004613,E07000078
E02004614,E07000078
E02004615,E07000079
E02004616,E07000079
E02004617,E07000079
E02004618,E07000079
E02004619,E07000079
E02004620,E07000079
E02004621,E07000079
E02004822,E07000093
E02004823,E07000093
E02004824,E07000093
E02004825,E07000093
E02004826,E07000093
E02004827,E07000093
E02004828,E07000093
E02007076,E07000093
E02007077,E07000093
E02007078,E07000093
E02004829,E07000094
E02004673,E07000083
E02004830,E07000094
E02004831,E07000094
E02004832,E07000094
E02004833,E07000094
E02004834,E07000094
E02004835,E07000094
E02004836,E07000094
E02004837,E07000094
E02004838,E07000094
E02004839,E07000094
E02004840,E07000094
E02004841,E07000094
E02004842,E07000094
E02004843,E07000095
E02004844,E07000095
E02004845,E07000095
E02004846,E07000095
E02004847,E07000095
E02004848,E07000095
E02004849,E07000095
E02004850,E07000095
E02004851,E07000095
E02004852,E07000095
E02004853,E07000095
E02004854,E07000095
E02004855,E07000095
E02004856,E07000096
E02004857,E07000096
E02004858,E07000096
E02004859,E07000096
E02004860,E07000096
E02004861,E07000096
E02004862,E07000096
E02004863,E07000096
E02004864,E07000096
E02004865,E07000096
E02004866,E07000096
E02004867,E07000096
E02004868,E07000096
E02004526,E07000071
E02006922,E07000071
E02007056,E07000071
E02007057,E07000071
E02004527,E07000072
E02004528,E07000072
E02004529,E07000072
E02004530,E07000072
E02004531,E07000072
E02004532,E07000072
E02004533,E07000072
E02004534,E07000072
E02004535,E07000072
E02004536,E07000072
E02004537,E07000072
E02004538,E07000072
E02004539,E07000072
E02004540,E07000072
E02004541,E07000072
E02004542,E07000072
E02004543,E07000072
E02004544,E07000073
E02004674,E07000083
E02004545,E07000073
E02007034,E07000083
E02004546,E07000073
E02004474,E07000069
E02004622,E07000079
E02004721,E07000086
E02007035,E07000083
E02004675,E07000084
E02004676,E07000084
E02004677,E07000084
E02004678,E07000084
E02004679,E07000084
E02004680,E07000084
E02004681,E07000084
E02004682,E07000084
E02004683,E07000084
E02004684,E07000084
E02004685,E07000084
E02004686,E07000084
E02004687,E07000084
E02004688,E07000084
E02004689,E07000084
E02004690,E07000084
E02004691,E07000084
E02004692,E07000084
E02004693,E07000084
E02004694,E07000084
E02004695,E07000084
E02004696,E07000084
E02004697,E07000085
E02004698,E07000085
E02004699,E07000085
E02004700,E07000085
E02004702,E07000085
E02004703,E07000085
E02004704,E07000085
E02004705,E07000085
E02004706,E07000085
E02004707,E07000085
E02004708,E07000085
E02004709,E07000085
E02004710,E07000085
E02006829,E07000085
E02006838,E07000085
E02004712,E07000086
E02004713,E07000086
E02004714,E07000086
E02004715,E07000086
E02004716,E07000086
E02004717,E07000086
E02004718,E07000086
E02004719,E07000086
E02004720,E07000086
E02004774,E07000090
E02004547,E07000073
E02004775,E07000090
E02004548,E07000073
E02004776,E07000090
E02004549,E07000073
E02004777,E07000090
E02004550,E07000073
E02004778,E07000090
E02004551,E07000073
E02006822,E07000090
E02006830,E07000090
E02006831,E07000090
E02004779,E07000091
E02004780,E07000091
E02004781,E07000091
E02004782,E07000091
E02004783,E07000091
E02004784,E07000091
E02004785,E07000091
E02004786,E07000091
E02004787,E07000091
E02004788,E07000091
E02004789,E07000091
E02004790,E07000091
E02004791,E07000091
E02004792,E07000091
E02004793,E07000091
E02004794,E07000091
E02004795,E07000091
E02004796,E07000091
E02004797,E07000091
E02004798,E07000091
E02004799,E07000091
E02004800,E07000091
E02004801,E07000091
E02004802,E07000092
E02004803,E07000092
E02004804,E07000092
E02004805,E07000092
E02004806,E07000092
E02004807,E07000092
E02004808,E07000092
E02004809,E07000092
E02004810,E07000092
E02004811,E07000092
E02004812,E07000092
E02004813,E07000092
E02004814,E07000093
E02004815,E07000093
E02004817,E07000093
E02004818,E07000093
E02004819,E07000093
E02004820,E07000093
E02004821,E07000093
E02004475,E07000069
E02004722,E07000086
E02004623,E07000079
E02004624,E07000079
E02004625,E07000079
E02004626,E07000080
E02004627,E07000080
E02004628,E07000080
E02004629,E07000080
E02004630,E07000080
E02004631,E07000080
E02004632,E07000080
E02004633,E07000080
E02004634,E07000080
E02004635,E07000080
E02004636,E07000081
E02004637,E07000081
E02004638,E07000081
E02004639,E07000081
E02004640,E07000081
E02004641,E07000081
E02004642,E07000081
E02004643,E07000081
E02004644,E07000081
E02004645,E07000081
E02004646,E07000081
E02004647,E07000081
E02004648,E07000081
E02004649,E07000081
E02004650,E07000081
E02004651,E07000082
E02004652,E07000082
E02004653,E07000082
E02004654,E07000082
E02004655,E07000082
E02004656,E07000082
E02004657,E07000082
E02004658,E07000082
E02004659,E07000082
E02004660,E07000082
E02004661,E07000082
E02004662,E07000082
E02004663,E07000082
E02004664,E07000082
E02004665,E07000082
E02004666,E07000083
E02004667,E07000083
E02004668,E07000083
E02004669,E07000083
E02004671,E07000083
E02004672,E07000083
E02004723,E07000086
E02004476,E07000069
E02004552,E07000073
E02004553,E07000073
E02004554,E07000073
E02004555,E07000074
E02004556,E07000074
E02004557,E07000074
E02004558,E07000074
E02004559,E07000074
E02004560,E07000074
E02004561,E07000074
E02004562,E07000074
E02004563,E07000075
E02004477,E07000069
E02004564,E07000075
E02004478,E07000069
E02004724,E07000086
E02004566,E07000075
E02004479,E07000069
E02004725,E07000086
E02004567,E07000075
E02004480,E07000069
E02004726,E07000086
E02004568,E07000075
E02004481,E07000069
E02004727,E07000087
E02004569,E07000075
E02004482,E07000069
E02004728,E07000087
E02004570,E07000075
E02004483,E07000069
E02004729,E07000087
E02004571,E07000075
E02004484,E07000069
E02004730,E07000087
E02004572,E07000075
E02004485,E07000070
E02004731,E07000087
E02006980,E07000075
E02004486,E07000070
E02004732,E07000087
E02004733,E07000087
E02004734,E07000087
E02004735,E07000087
E02004736,E07000087
E02004737,E07000087
E02004738,E07000087
E02004739,E07000087
E02004740,E07000087
E02004741,E07000088
E02004742,E07000088
E02004743,E07000088
E02004744,E07000088
E02004745,E07000088
E02004746,E07000088
E02004747,E07000088
E02004748,E07000088
E02004749,E07000088
E02004750,E07000088
E02004751,E07000089
E02004752,E07000089
E02004753,E07000089
E02004754,E07000089
E02004755,E07000089
E02004756,E07000089
E02004757,E07000089
E02004758,E07000089
E02004759,E07000089
E02004760,E07000089
E02004761,E07000089
E02004764,E07000090
E02004765,E07000090
E02004766,E07000090
E02004767,E07000090
E02004768,E07000090
E02004769,E07000090
E02004770,E07000090
E02004771,E07000090
E02004772,E07000090
E02004487,E07000070
E02004488,E07000070
E02004489,E07000070
E02004490,E07000070
E02004491,E07000070
E02004492,E07000070
E02004493,E07000070
E02004495,E07000070
E02004496,E07000070
E02004497,E07000070
E02004498,E07000070
E02004499,E07000070
E02004500,E07000070
E02004501,E07000070
E02004502,E07000070
E02004503,E07000070
E02004504,E07000070
E02004505,E07000070
E02006978,E07000070
E02006979,E07000070
E02004506,E07000071
E02004507,E07000071
E02004508,E07000071
E02004512,E07000071
E02004513,E07000071
E02004514,E07000071
E02004515,E07000071
E02004516,E07000071
E02004517,E07000071
E02004518,E07000071
E02004519,E07000071
E02004520,E07000071
E02004521,E07000071
E02004522,E07000071
E02004523,E07000071
E02004524,E07000071
E02004525,E07000071
E02005032,E07000107
E02005033,E07000107
E02005034,E07000107
E02005035,E07000107
E02005036,E07000107
E02005037,E07000107
E02005038,E07000107
E02005039,E07000107
E02005040,E07000107
E02005041,E07000108
E02005042,E07000108
E02005043,E07000108
E02005044,E07000108
E02005045,E07000108
E02005046,E07000108
E02005047,E07000108
E02005048,E07000108
E02005049,E07000108
E02005050,E07000108
E02005051,E07000108
E02005052,E07000108
E02005053,E07000108
E02005054,E07000108
E02005055,E07000109
E02005056,E07000109
E02005057,E07000109
E02005058,E07000109
E02005059,E07000109
E02005060,E07000109
E02005061,E07000109
E02005062,E07000109
E02005063,E07000109
E02005064,E07000109
E02005065,E07000109
E02005066,E07000109
E02005067,E07000109
E02005068,E07000110
E02005069,E07000110
E02005070,E07000110
E02005071,E07000110
E02005072,E07000110
E02005073,E07000110
E02005074,E07000110
E02005075,E07000110
E02005076,E07000110
E02005077,E07000110
E02005078,E07000110
E02005079,E07000110
E02005080,E07000110
E02005081,E07000110
E02005181,E07000117
E02005182,E07000117
E02005183,E07000117
E02005184,E07000117
E02005185,E07000117
E02005186,E07000117
E02006881,E07000117
E02005189,E07000118
E02005190,E07000118
E02005191,E07000118
E02005192,E07000118
E02005193,E07000118
E02005194,E07000118
E02005195,E07000118
E02005234,E07000121
E02005131,E07000113
E02004869,E07000096
E02004968,E07000103
E02005082,E07000110
E02005196,E07000118
E02005197,E07000118
E02005198,E07000118
E02005199,E07000118
E02005200,E07000118
E02005201,E07000118
E02005202,E07000118
E02005203,E07000119
E02005204,E07000119
E02005205,E07000119
E02005206,E07000119
E02005207,E07000119
E02005208,E07000119
E02005209,E07000119
E02005210,E07000119
E02005211,E07000119
E02005212,E07000120
E02005213,E07000120
E02005214,E07000120
E02005215,E07000120
E02005216,E07000120
E02005217,E07000120
E02005218,E07000120
E02005219,E07000120
E02005220,E07000120
E02005221,E07000121
E02005222,E07000121
E02005223,E07000121
E02005224,E07000121
E02005225,E07000121
E02005226,E07000121
E02005228,E07000121
E02005229,E07000121
E02005230,E07000121
E02005231,E07000121
E02005233,E07000121
E02005286,E07000125
E02006884,E07000125
E02005287,E07000126
E02005288,E07000126
E02005289,E07000126
E02005290,E07000126
E02005291,E07000126
E02005292,E07000126
E02005293,E07000126
E02005294,E07000126
E02005295,E07000126
E02005296,E07000126
E02005297,E07000126
E02005298,E07000126
E02005299,E07000126
E02005300,E07000126
E02005301,E07000126
E02005302,E07000126
E02005303,E07000126
E02005304,E07000127
E02005305,E07000127
E02005306,E07000127
E02005307,E07000127
E02005308,E07000127
E02005309,E07000127
E02005310,E07000127
E02005311,E07000127
E02005312,E07000127
E02005313,E07000127
E02005314,E07000127
E02005315,E07000127
E02005316,E07000127
E02005317,E07000127
E02005318,E07000127
E02005319,E07000128
E02005320,E07000128
E02005321,E07000128
E02005322,E07000128
E02005323,E07000128
E02005324,E07000128
E02005325,E07000128
E02005326,E07000128
E02005327,E07000128
E02005328,E07000128
E02005329,E07000128
E02005330,E07000128
E02005331,E07000128
E02005332,E07000128
E02005334,E07000129
E02005335,E07000129
E02005235,E07000121
E02005132,E07000114
E02004870,E07000096
E02004969,E07000103
E02005083,E07000110
E02005133,E07000114
E02005134,E07000114
E02005135,E07000114
E02005136,E07000114
E02005137,E07000114
E02005138,E07000114
E02005139,E07000114
E02005140,E07000114
E02005141,E07000114
E02005142,E07000114
E02005143,E07000114
E02005144,E07000114
E02005145,E07000114
E02005146,E07000114
E02005147,E07000114
E02005148,E07000114
E02005149,E07000115
E02005150,E07000115
E02005151,E07000115
E02005153,E07000115
E02005154,E07000115
E02005155,E07000115
E02005156,E07000115
E02005157,E07000115
E02005158,E07000115
E02005159,E07000115
E02005160,E07000115
E02005161,E07000115
E02006833,E07000115
E02005162,E07000116
E02005163,E07000116
E02005164,E07000116
E02005165,E07000116
E02005166,E07000116
E02005167,E07000116
E02005168,E07000116
E02005169,E07000116
E02005170,E07000116
E02005171,E07000116
E02005172,E07000116
E02005173,E07000116
E02005174,E07000116
E02005175,E07000116
E02005176,E07000117
E02005177,E07000117
E02005178,E07000117
E02005179,E07000117
E02005180,E07000117
E02004871,E07000096
E02004970,E07000103
E02005084,E07000110
E02005236,E07000121
E02005237,E07000121
E02005238,E07000121
E02005239,E07000121
E02006871,E07000121
E02005240,E07000122
E02005241,E07000122
E02005242,E07000122
E02005245,E07000122
E02005246,E07000122
E02005247,E07000122
E02005248,E07000122
E02005249,E07000122
E02005250,E07000122
E02005251,E07000122
E02005252,E07000122
E02007003,E07000122
E02005253,E07000123
E02005254,E07000123
E02005255,E07000123
E02005256,E07000123
E02005257,E07000123
E02005258,E07000123
E02005259,E07000123
E02005260,E07000123
E02005261,E07000123
E02005262,E07000123
E02005263,E07000123
E02005264,E07000123
E02005265,E07000123
E02005266,E07000123
E02005267,E07000123
E02005268,E07000123
E02005269,E07000123
E02005270,E07000124
E02005271,E07000124
E02005272,E07000124
E02005273,E07000124
E02005274,E07000124
E02005275,E07000124
E02005276,E07000124
E02005277,E07000124
E02005278,E07000125
E02005279,E07000125
E02005280,E07000125
E02005281,E07000125
E02005284,E07000125
E02005285,E07000125
E02005085,E07000110
E02005086,E07000110
E02005087,E07000111
E02005088,E07000111
E02005089,E07000111
E02005090,E07000111
E02005091,E07000111
E02005093,E07000111
E02005094,E07000111
E02005095,E07000111
E02005096,E07000111
E02005097,E07000111
E02005098,E07000111
E02005099,E07000111
E02005100,E07000111
E02005101,E07000111
E02006832,E07000111
E02005102,E07000112
E02005103,E07000112
E02005104,E07000112
E02005105,E07000112
E02005106,E07000112
E02005107,E07000112
E02005109,E07000112
E02005110,E07000112
E02005111,E07000112
E02005112,E07000112
E02005113,E07000112
E02005114,E07000112
E02006879,E07000112
E02006880,E07000112
E02005115,E07000113
E02005116,E07000113
E02005117,E07000113
E02005118,E07000113
E02005119,E07000113
E02005120,E07000113
E02005121,E07000113
E02005122,E07000113
E02005123,E07000113
E02005124,E07000113
E02005125,E07000113
E02005126,E07000113
E02005127,E07000113
E02005128,E07000113
E02005129,E07000113
E02005130,E07000113
E02004971,E07000103
E02004972,E07000103
E02004973,E07000103
E02004974,E07000103
E02004975,E07000103
E02004976,E07000103
E02004977,E07000103
E02004978,E07000103
E02004979,E07000103
E02004996,E07000105
E02004997,E07000105
E02004998,E07000105
E02005000,E07000105
E02005001,E07000105
E02005002,E07000105
E02005003,E07000105
E02005004,E07000105
E02005005,E07000105
E02005006,E07000105
E02005007,E07000105
E02005008,E07000105
E02005009,E07000105
E02007046,E07000105
E02007047,E07000105
E02005010,E07000106
E02005011,E07000106
E02005012,E07000106
E02005013,E07000106
E02005014,E07000106
E02005015,E07000106
E02005016,E07000106
E02005017,E07000106
E02005018,E07000106
E02005019,E07000106
E02005020,E07000106
E02005021,E07000106
E02005022,E07000106
E02005023,E07000106
E02005025,E07000106
E02005026,E07000106
E02005027,E07000106
E02006855,E07000106
E02006856,E07000106
E02005028,E07000107
E02005029,E07000107
E02005030,E07000107
E02005031,E07000107
E02004872,E07000096
E02004873,E07000096
E02004874,E07000096
E02004875,E07000096
E02004876,E07000096
E02004877,E07000096
E02004896,E07000098
E02004897,E07000098
E02004898,E07000098
E02004899,E07000098
E02004900,E07000098
E02004901,E07000098
E02004902,E07000098
E02004903,E07000098
E02004904,E07000098
E02004905,E07000098
E02004906,E07000098
E02004907,E07000098
E02004908,E07000098
E02004909,E07000099
E02004910,E07000099
E02004911,E07000099
E02004912,E07000099
E02004914,E07000099
E02004915,E07000099
E02004916,E07000099
E02004917,E07000099
E02004918,E07000099
E02004919,E07000099
E02004920,E07000099
E02004921,E07000099
E02004922,E07000099
E02004923,E07000099
E02007088,E07000099
E02007089,E07000099
E02004956,E07000102
E02004957,E07000102
E02004958,E07000102
E02004959,E07000102
E02004960,E07000102
E02004961,E07000102
E02004962,E07000102
E02004963,E07000102
E02004964,E07000102
E02004965,E07000102
E02004966,E07000102
E02004967,E07000102
E02007032,E07000147
E02007033,E07000147
E02005584,E07000148
E02005585,E07000148
E02005586,E07000148
E02005587,E07000148
E02005588,E07000148
E02005589,E07000148
E02005592,E07000148
E02005593,E07000148
E02005594,E07000148
E02005595,E07000148
E02005596,E07000148
E02006907,E07000148
E02006908,E07000148
E02007052,E07000148
E02007053,E07000148
E02005598,E07000149
E02005599,E07000149
E02005600,E07000149
E02005601,E07000149
E02005602,E07000149
E02005603,E07000149
E02005604,E07000149
E02005605,E07000149
E02005606,E07000149
E02005607,E07000149
E02005608,E07000149
E02005609,E07000149
E02005610,E07000149
E02005611,E07000149
E02007054,E07000149
E02007055,E07000149
E02005819,E07000170
E02005820,E07000170
E02005821,E07000170
E02005822,E07000170
E02005823,E07000170
E02005824,E07000170
E02005825,E07000170
E02005826,E07000170
E02005827,E07000170
E02005828,E07000170
E02005829,E07000170
E02005830,E07000170
E02005831,E07000170
E02005832,E07000170
E02005833,E07000170
E02005834,E07000170
E02005835,E07000171
E02005888,E07000174
E02005889,E07000174
E02005890,E07000174
E02005891,E07000174
E02005892,E07000174
E02005893,E07000175
E02005894,E07000175
E02005895,E07000175
E02005896,E07000175
E02005897,E07000175
E02005898,E07000175
E02005899,E07000175
E02005900,E07000175
E02005901,E07000175
E02005902,E07000175
E02005903,E07000175
E02005904,E07000175
E02005905,E07000175
E02005906,E07000176
E02005907,E07000176
E02005908,E07000176
E02005909,E07000176
E02005910,E07000176
E02005911,E07000176
E02005912,E07000176
E02005913,E07000176
E02005914,E07000176
E02005915,E07000176
E02005916,E07000176
E02005917,E07000176
E02005918,E07000176
E02005919,E07000176
E02005920,E07000176
E02005921,E07000177
E02005922,E07000177
E02005923,E07000177
E02005924,E07000177
E02005925,E07000177
E02005926,E07000177
E02005927,E07000177
E02005928,E07000177
E02005929,E07000177
E02005930,E07000177
E02005931,E07000177
E02005932,E07000177
E02005933,E07000177
E02005934,E07000177
E02005935,E07000177
E02005936,E07000177
E02005937,E07000177
E02005483,E07000141
E02005484,E07000141
E02005485,E07000141
E02005486,E07000141
E02005487,E07000141
E02005488,E07000141
E02005489,E07000141
E02005490,E07000141
E02005491,E07000141
E02005492,E07000142
E02005493,E07000142
E02005494,E07000142
E02005495,E07000142
E02005496,E07000142
E02005497,E07000142
E02005498,E07000142
E02005499,E07000142
E02005500,E07000142
E02005501,E07000142
E02005502,E07000142
E02005503,E07000143
E02005504,E07000143
E02005505,E07000143
E02005506,E07000143
E02005507,E07000143
E02005508,E07000143
E02005509,E07000143
E02005510,E07000143
E02005511,E07000143
E02005512,E07000143
E02005513,E07000143
E02005514,E07000143
E02005515,E07000143
E02005516,E07000143
E02005517,E07000143
E02005518,E07000143
E02005519,E07000143
E02005520,E07000144
E02005521,E07000144
E02005522,E07000144
E02005523,E07000144
E02005524,E07000144
E02005525,E07000144
E02005526,E07000144
E02005527,E07000144
E02005528,E07000144
E02005529,E07000144
E02005530,E07000144
E02005531,E07000144
E02005532,E07000144
E02005533,E07000144
E02005385,E07000132
E02005836,E07000171
E02005434,E07000137
E02005336,E07000129
E02005337,E07000129
E02005338,E07000129
E02005339,E07000129
E02005340,E07000129
E02005341,E07000129
E02005342,E07000129
E02005343,E07000129
E02005344,E07000129
E02006820,E07000129
E02005345,E07000130
E02005346,E07000130
E02005347,E07000130
E02005348,E07000130
E02005349,E07000130
E02005350,E07000130
E02005351,E07000130
E02005352,E07000130
E02005353,E07000130
E02005354,E07000130
E02005355,E07000130
E02005356,E07000130
E02005357,E07000130
E02005358,E07000130
E02005359,E07000130
E02005360,E07000130
E02005361,E07000130
E02005362,E07000130
E02005363,E07000130
E02005364,E07000130
E02005365,E07000130
E02005366,E07000130
E02005368,E07000131
E02005369,E07000131
E02005370,E07000131
E02005371,E07000131
E02005372,E07000131
E02005373,E07000131
E02005374,E07000131
E02005375,E07000131
E02005376,E07000131
E02006816,E07000131
E02005377,E07000132
E02005378,E07000132
E02005379,E07000132
E02005380,E07000132
E02005381,E07000132
E02005382,E07000132
E02005383,E07000132
E02005384,E07000132
E02005435,E07000137
E02005837,E07000171
E02005386,E07000132
E02005534,E07000144
E02005535,E07000144
E02005536,E07000144
E02005537,E07000144
E02005538,E07000145
E02005539,E07000145
E02005540,E07000145
E02005541,E07000145
E02005542,E07000145
E02005543,E07000145
E02005544,E07000145
E02005545,E07000145
E02005546,E07000145
E02005547,E07000145
E02005548,E07000145
E02005549,E07000145
E02005550,E07000145
E02005551,E07000146
E02005552,E07000146
E02005553,E07000146
E02005554,E07000146
E02005555,E07000146
E02005556,E07000146
E02005557,E07000146
E02005558,E07000146
E02005559,E07000146
E02005560,E07000146
E02005561,E07000146
E02005562,E07000146
E02005563,E07000146
E02005564,E07000146
E02005565,E07000146
E02005566,E07000146
E02005567,E07000146
E02005568,E07000146
E02005569,E07000146
E02005570,E07000147
E02005571,E07000147
E02005572,E07000147
E02005573,E07000147
E02005574,E07000147
E02005575,E07000147
E02005576,E07000147
E02005577,E07000147
E02005578,E07000147
E02005580,E07000147
E02005581,E07000147
E02005582,E07000147
E02005583,E07000147
E02005387,E07000132
E02005838,E07000171
E02005436,E07000137
E02005437,E07000137
E02005438,E07000137
E02005439,E07000137
E02005440,E07000137
E02005441,E07000137
E02005442,E07000138
E02005443,E07000138
E02005444,E07000138
E02005445,E07000138
E02005446,E07000138
E02005447,E07000138
E02005448,E07000138
E02005449,E07000138
E02005450,E07000138
E02005451,E07000138
E02005452,E07000138
E02005453,E07000139
E02005455,E07000139
E02005456,E07000139
E02005457,E07000139
E02005458,E07000139
E02005459,E07000139
E02005460,E07000139
E02005461,E07000139
E02005462,E07000139
E02005463,E07000139
E02005464,E07000139
E02006866,E07000139
E02006867,E07000139
E02005465,E07000140
E02005466,E07000140
E02005467,E07000140
E02005468,E07000140
E02005469,E07000140
E02005470,E07000140
E02005471,E07000140
E02005472,E07000140
E02005473,E07000140
E02005474,E07000140
E02005475,E07000140
E02005476,E07000141
E02005477,E07000141
E02005478,E07000141
E02005479,E07000141
E02005480,E07000141
E02005481,E07000141
E02005482,E07000141
E02005839,E07000171
E02005840,E07000171
E02005842,E07000171
E02005843,E07000171
E02005844,E07000171
E02005846,E07000171
E02005847,E07000171
E02005848,E07000171
E02005849,E07000171
E02006903,E07000171
E02005850,E07000172
E02005851,E07000172
E02005852,E07000172
E02005853,E07000172
E02005856,E07000172
E02005857,E07000172
E02005858,E07000172
E02005859,E07000172
E02005860,E07000172
E02005861,E07000172
E02005862,E07000172
E02005863,E07000172
E02005864,E07000172
E02006906,E07000172
E02005865,E07000173
E02005866,E07000173
E02005868,E07000173
E02005869,E07000173
E02005870,E07000173
E02005871,E07000173
E02005872,E07000173
E02005873,E07000173
E02005874,E07000173
E02005875,E07000173
E02005876,E07000173
E02005877,E07000173
E02005878,E07000173
E02005879,E07000173
E02006835,E07000173
E02005880,E07000174
E02005881,E07000174
E02005882,E07000174
E02005883,E07000174
E02005884,E07000174
E02005885,E07000174
E02005886,E07000174
E02005887,E07000174
E02005388,E07000132
E02005389,E07000132
E02005390,E07000132
E02005391,E07000133
E02005392,E07000133
E02005393,E07000133
E02005394,E07000133
E02005395,E07000133
E02005396,E07000133
E02005397,E07000134
E02005398,E07000134
E02005399,E07000134
E02005400,E07000134
E02005401,E07000134
E02005402,E07000134
E02005403,E07000134
E02005404,E07000134
E02005405,E07000134
E02005406,E07000134
E02005407,E07000134
E02005408,E07000134
E02005409,E07000134
E02005412,E07000135
E02005414,E07000135
E02005415,E07000135
E02005416,E07000135
E02006818,E07000135
E02006966,E07000135
E02006967,E07000135
E02005417,E07000136
E02005418,E07000136
E02005419,E07000136
E02005420,E07000136
E02005422,E07000136
E02005423,E07000136
E02006864,E07000136
E02006865,E07000136
E02005424,E07000137
E02005425,E07000137
E02005426,E07000137
E02005427,E07000137
E02005428,E07000137
E02005429,E07000137
E02005430,E07000137
E02005431,E07000137
E02005432,E07000137
E02005433,E07000137
E02005987,E07000180
E02005988,E07000180
E02005991,E07000180
E02005992,E07000180
E02006886,E07000180
E02005993,E07000181
E02005994,E07000181
E02005995,E07000181
E02005996,E07000181
E02005997,E07000181
E02005998,E07000181
E02005999,E07000181
E02006000,E07000181
E02006001,E07000181
E02006002,E07000181
E02006003,E07000181
E02006004,E07000181
E02006005,E07000181
E02006006,E07000181
E02006007,E07000181
E02006118,E07000192
E02006119,E07000192
E02006120,E07000192
E02006121,E07000192
E02006122,E07000192
E02006123,E07000192
E02006124,E07000192
E02006125,E07000192
E02006126,E07000192
E02006127,E07000192
E02006128,E07000192
E02006129,E07000192
E02006130,E07000192
E02006131,E07000193
E02006400,E07000212
E02006132,E07000193
E02006133,E07000193
E02006134,E07000193
E02006135,E07000193
E02006136,E07000193
E02006137,E07000193
E02006138,E07000193
E02006139,E07000193
E02006140,E07000193
E02006141,E07000193
E02006142,E07000193
E02006143,E07000193
E02006144,E07000193
E02006145,E07000193
E02006146,E07000194
E02006147,E07000194
E02005938,E07000177
E02006148,E07000194
E02006256,E07000202
E02006257,E07000202
E02006258,E07000202
E02006259,E07000202
E02006260,E07000202
E02006261,E07000203
E02006262,E07000203
E02006263,E07000203
E02006264,E07000203
E02006265,E07000203
E02006266,E07000203
E02006267,E07000203
E02006268,E07000203
E02006269,E07000203
E02006270,E07000203
E02006271,E07000203
E02006272,E07000203
E02006317,E07000207
E02006318,E07000207
E02006319,E07000207
E02006320,E07000207
E02006321,E07000207
E02006322,E07000207
E02006323,E07000207
E02006324,E07000207
E02006325,E07000207
E02006326,E07000207
E02006327,E07000207
E02006328,E07000207
E02006329,E07000207
E02006330,E07000207
E02006331,E07000207
E02006332,E07000207
E02006333,E07000207
E02006334,E07000207
E02006335,E07000208
E02006336,E07000208
E02006337,E07000208
E02006338,E07000208
E02006339,E07000208
E02006341,E07000208
E02006342,E07000208
E02006343,E07000208
E02006837,E07000208
E02006344,E07000209
E02006345,E07000209
E02006346,E07000209
E02006347,E07000209
E02006348,E07000209
E02006349,E07000209
E02006350,E07000209
E02006450,E07000216
E02006199,E07000197
E02006401,E07000212
E02006402,E07000212
E02006403,E07000213
E02006404,E07000213
E02006405,E07000213
E02006406,E07000213
E02006407,E07000213
E02006408,E07000213
E02006409,E07000213
E02006410,E07000213
E02006411,E07000213
E02006412,E07000213
E02006413,E07000213
E02006414,E07000213
E02006415,E07000213
E02006416,E07000214
E02006417,E07000214
E02006418,E07000214
E02006419,E07000214
E02006420,E07000214
E02006421,E07000214
E02006422,E07000214
E02006423,E07000214
E02006424,E07000214
E02006425,E07000214
E02006426,E07000214
E02006427,E07000214
E02006429,E07000215
E02006430,E07000215
E02006431,E07000215
E02006432,E07000215
E02006433,E07000215
E02006434,E07000215
E02006435,E07000215
E02006436,E07000215
E02006437,E07000215
E02006438,E07000215
E02006790,E07000215
E02006439,E07000216
E02006440,E07000216
E02006441,E07000216
E02006442,E07000216
E02006443,E07000216
E02006444,E07000216
E02006445,E07000216
E02006446,E07000216
E02006447,E07000216
E02006448,E07000216
E02006449,E07000216
E02005939,E07000177
E02005940,E07000178
E02005941,E07000178
E02005942,E07000178
E02005943,E07000178
E02005944,E07000178
E02005945,E07000178
E02005946,E07000178
E02005947,E07000178
E02005948,E07000178
E02005949,E07000178
E02005950,E07000178
E02005951,E07000178
E02005953,E07000178
E02005954,E07000178
E02005955,E07000178
E02005956,E07000178
E02005957,E07000178
E02007021,E07000178
E02007116,E07000178
E02005958,E07000179
E02005959,E07000179
E02005960,E07000179
E02005961,E07000179
E02005962,E07000179
E02005963,E07000179
E02005964,E07000179
E02005965,E07000179
E02005966,E07000179
E02005967,E07000179
E02005968,E07000179
E02005969,E07000179
E02005970,E07000179
E02005971,E07000179
E02005972,E07000179
E02005973,E07000179
E02005974,E07000179
E02005975,E07000179
E02005976,E07000179
E02005977,E07000179
E02005978,E07000180
E02005979,E07000180
E02005980,E07000180
E02005981,E07000180
E02005982,E07000180
E02005983,E07000180
E02005984,E07000180
E02005985,E07000180
E02005986,E07000180
E02006149,E07000194
E02006200,E07000197
E02006451,E07000216
E02006351,E07000209
E02006150,E07000194
E02006151,E07000194
E02006152,E07000194
E02006153,E07000194
E02006154,E07000194
E02006155,E07000194
E02006156,E07000194
E02006157,E07000194
E02006158,E07000195
E02006159,E07000195
E02006160,E07000195
E02006161,E07000195
E02006162,E07000195
E02006163,E07000195
E02006164,E07000195
E02006165,E07000195
E02006166,E07000195
E02006167,E07000195
E02006168,E07000195
E02006169,E07000195
E02006170,E07000195
E02006171,E07000195
E02006172,E07000195
E02006173,E07000195
E02006174,E07000196
E02006175,E07000196
E02006176,E07000196
E02006177,E07000196
E02006178,E07000196
E02006179,E07000196
E02006180,E07000196
E02006181,E07000196
E02006182,E07000196
E02006185,E07000196
E02006186,E07000196
E02006187,E07000196
E02006982,E07000196
E02006188,E07000197
E02006189,E07000197
E02006190,E07000197
E02006191,E07000197
E02006192,E07000197
E02006193,E07000197
E02006194,E07000197
E02006195,E07000197
E02006196,E07000197
E02006197,E07000197
E02006198,E07000197
E02006201,E07000197
E02006453,E07000216
E02006352,E07000209
E02006353,E07000209
E02006354,E07000209
E02006355,E07000209
E02006356,E07000209
E02006357,E07000209
E02006358,E07000209
E02006359,E07000209
E02006360,E07000209
E02006361,E07000209
E02006362,E07000210
E02006363,E07000210
E02006364,E07000210
E02006365,E07000210
E02006366,E07000210
E02006367,E07000210
E02006368,E07000210
E02006369,E07000210
E02006370,E07000210
E02006371,E07000210
E02006372,E07000210
E02006373,E07000210
E02006374,E07000210
E02006375,E07000211
E02006376,E07000211
E02006377,E07000211
E02006378,E07000211
E02006379,E07000211
E02006380,E07000211
E02006381,E07000211
E02006382,E07000211
E02006383,E07000211
E02006384,E07000211
E02006385,E07000211
E02006386,E07000211
E02006387,E07000211
E02006388,E07000211
E02006389,E07000211
E02006390,E07000211
E02006391,E07000211
E02006392,E07000211
E02006393,E07000212
E02006394,E07000212
E02006395,E07000212
E02006396,E07000212
E02006397,E07000212
E02006398,E07000212
E02006399,E07000212
E02006454,E07000216
E02006202,E07000197
E02006203,E07000197
E02006204,E07000198
E02006205,E07000198
E02006206,E07000198
E02006207,E07000198
E02006208,E07000198
E02006209,E07000198
E02006210,E07000198
E02006211,E07000198
E02006212,E07000198
E02006213,E07000198
E02006214,E07000198
E02006215,E07000198
E02006216,E07000198
E02006217,E07000199
E02006218,E07000199
E02006219,E07000199
E02006220,E07000199
E02006221,E07000199
E02006222,E07000199
E02006223,E07000199
E02006224,E07000199
E02006225,E07000199
E02006226,E07000199
E02006227,E07000200
E02006228,E07000200
E02006229,E07000200
E02006230,E07000200
E02006231,E07000200
E02006232,E07000200
E02006233,E07000200
E02006234,E07000200
E02006235,E07000200
E02006236,E07000200
E02006237,E07000200
E02006245,E07000202
E02006246,E07000202
E02006247,E07000202
E02006248,E07000202
E02006249,E07000202
E02006250,E07000202
E02006251,E07000202
E02006252,E07000202
E02006253,E07000202
E02006254,E07000202
E02006255,E07000202
E02006455,E07000216
E02006839,E07000216
E02006456,E07000217
E02006457,E07000217
E02006458,E07000217
E02006459,E07000217
E02006460,E07000217
E02006461,E07000217
E02006462,E07000217
E02006463,E07000217
E02006464,E07000217
E02006465,E07000217
E02006466,E07000217
E02006467,E07000217
E02006468,E07000218
E02006469,E07000218
E02006470,E07000218
E02006471,E07000218
E02006472,E07000218
E02006473,E07000218
E02006474,E07000218
E02006475,E07000219
E02006476,E07000219
E02006477,E07000219
E02006478,E07000219
E02006479,E07000219
E02006480,E07000219
E02006481,E07000219
E02006482,E07000219
E02006483,E07000219
E02006484,E07000219
E02006485,E07000219
E02006486,E07000219
E02006487,E07000219
E02006488,E07000219
E02006489,E07000219
E02006490,E07000219
E02006806,E07000219
E02006493,E07000220
E02006494,E07000220
E02006495,E07000220
E02006496,E07000220
E02006497,E07000220
E02006498,E07000220
E02006499,E07000220
E02006500,E07000220
E02006711,E07000235
E02006712,E07000235
E02006713,E07000235
E02006714,E07000235
E02006715,E07000235
E02006716,E07000235
E02006717,E07000235
E02006718,E07000235
E02006719,E07000235
E02006720,E07000235
E02006721,E07000236
E02006722,E07000236
E02006723,E07000236
E02006724,E07000236
E02006725,E07000236
E02006726,E07000236
E02006727,E07000236
E02006728,E07000236
E02006729,E07000236
E02006730,E07000236
E02006731,E07000236
E02006732,E07000236
E02006733,E07000236
E02006734,E07000237
E02006735,E07000237
E02006736,E07000237
E02006737,E07000237
E02006738,E07000237
E02006739,E07000237
E02006740,E07000237
E02006741,E07000237
E02006742,E07000237
E02006743,E07000237
E02006744,E07000237
E02006745,E07000237
E02006746,E07000237
E02006747,E07000237
E02006748,E07000238
E02006749,E07000238
E02006750,E07000238
E02006751,E07000238
E02006752,E07000238
E02006753,E07000238
E02006754,E07000238
E02006755,E07000238
E02006756,E07000238
E02006757,E07000238
E02006758,E07000238
E02006759,E07000238
E02006760,E07000238
E02000997,E08000001
E02004990,E07000241
E02006599,E07000227
E02006501,E07000220
E02006761,E07000238
E02004991,E07000241
E02004992,E07000241
E02004994,E07000241
E02004995,E07000241
E02007092,E07000241
E02004878,E07000242
E02004880,E07000242
E02004881,E07000242
E02004882,E07000242
E02004883,E07000242
E02004884,E07000242
E02004885,E07000242
E02004886,E07000242
E02004887,E07000242
E02004888,E07000242
E02004889,E07000242
E02004890,E07000242
E02004891,E07000242
E02004892,E07000242
E02004893,E07000242
E02004894,E07000242
E02004895,E07000242
E02007093,E07000242
E02004944,E07000243
E02004945,E07000243
E02004946,E07000243
E02004948,E07000243
E02004949,E07000243
E02004950,E07000243
E02004951,E07000243
E02004952,E07000243
E02006549,E07000224
E02004953,E07000243
E02004954,E07000243
E02004955,E07000243
E02007091,E07000243
E02006287,E07000244
E02006288,E07000244
E02006289,E07000244
E02006290,E07000244
E02006291,E07000244
E02006301,E07000244
E02006292,E07000244
E02006293,E07000244
E02006294,E07000244
E02006295,E07000244
E02006296,E07000244
E02006297,E07000244
E02006298,E07000244
E02006299,E07000244
E02006300,E07000244
E02006502,E07000220
E02006503,E07000220
E02007048,E07000220
E02007049,E07000220
E02006504,E07000221
E02006505,E07000221
E02000998,E08000001
E02006506,E07000221
E02006507,E07000221
E02000999,E08000001
E02006508,E07000221
E02006600,E07000227
E02001000,E08000001
E02006509,E07000221
E02006302,E07000244
E02006550,E07000224
E02006601,E07000227
E02006762,E07000238
E02001001,E08000001
E02006763,E07000238
E02001002,E08000001
E02006764,E07000238
E02006602,E07000227
E02001003,E08000001
E02006765,E07000238
E02006603,E07000227
E02006551,E07000224
E02006303,E07000244
E02001004,E08000001
E02006766,E07000238
E02006604,E07000228
E02006552,E07000224
E02006304,E07000244
E02006510,E07000221
E02001005,E08000001
E02006767,E07000239
E02006605,E07000228
E02006553,E07000224
E02006305,E07000244
E02006511,E07000221
E02001006,E08000001
E02006512,E07000221
E02006306,E07000244
E02006554,E07000224
E02006606,E07000228
E02006768,E07000239
E02001007,E08000001
E02006769,E07000239
E02006607,E07000228
E02001008,E08000001
E02006770,E07000239
E02006608,E07000228
E02006555,E07000224
E02001009,E08000001
E02006771,E07000239
E02006609,E07000228
E02006556,E07000224
E02006307,E07000244
E02006513,E07000221
E02001010,E08000001
E02006772,E07000239
E02006610,E07000228
E02006557,E07000224
E02006308,E07000244
E02006514,E07000221
E02001011,E08000001
E02006773,E07000239
E02006611,E07000228
E02006558,E07000224
E02006309,E07000244
E02006515,E07000221
E02001012,E08000001
E02006774,E07000239
E02006612,E07000228
E02006559,E07000224
E02006310,E07000244
E02006516,E07000221
E02001013,E08000001
E02006775,E07000239
E02006613,E07000228
E02006560,E07000224
E02006311,E07000244
E02006517,E07000221
E02001014,E08000001
E02006776,E07000239
E02006614,E07000228
E02006561,E07000225
E02006312,E07000244
E02006518,E07000221
E02001015,E08000001
E02006777,E07000239
E02006615,E07000228
E02006562,E07000225
E02006313,E07000244
E02006519,E07000222
E02001016,E08000001
E02006778,E07000239
E02006616,E07000228
E02006563,E07000225
E02006314,E07000244
E02006520,E07000222
E02001017,E08000001
E02006779,E07000239
E02006617,E07000228
E02006564,E07000225
E02006315,E07000244
E02006316,E07000244
E02006238,E07000245
E02006239,E07000245
E02006240,E07000245
E02006241,E07000245
E02006242,E07000245
E02006243,E07000245
E02006273,E07000245
E02006274,E07000245
E02006275,E07000245
E02006276,E07000245
E02006277,E07000245
E02006278,E07000245
E02006279,E07000245
E02006280,E07000245
E02006281,E07000245
E02006282,E07000245
E02006283,E07000245
E02006284,E07000245
E02006285,E07000245
E02006286,E07000245
E02006826,E07000245
E02000984,E08000001
E02000985,E08000001
E02000986,E08000001
E02000987,E08000001
E02000988,E08000001
E02000989,E08000001
E02000990,E08000001
E02000991,E08000001
E02000992,E08000001
E02000993,E08000001
E02000994,E08000001
E02000995,E08000001
E02000996,E08000001
E02001018,E08000001
E02001019,E08000002
E02001020,E08000002
E02001021,E08000002
E02001022,E08000002
E02001023,E08000002
E02001024,E08000002
E02001025,E08000002
E02001026,E08000002
E02001027,E08000002
E02001028,E08000002
E02001029,E08000002
E02001030,E08000002
E02001031,E08000002
E02001032,E08000002
E02001033,E08000002
E02001034,E08000002
E02001035,E08000002
E02001036,E08000002
E02006521,E07000222
E02001037,E08000002
E02006780,E07000239
E02006522,E07000222
E02006618,E07000228
E02001038,E08000002
E02004924,E07000240
E02006523,E07000222
E02006619,E07000228
E02006565,E07000225
E02001039,E08000002
E02004925,E07000240
E02006524,E07000222
E02006620,E07000228
E02006566,E07000225
E02006567,E07000225
E02006568,E07000225
E02006569,E07000225
E02006570,E07000225
E02006571,E07000225
E02006572,E07000225
E02006573,E07000225
E02006574,E07000225
E02006575,E07000226
E02006576,E07000226
E02006577,E07000226
E02006578,E07000226
E02006579,E07000226
E02006580,E07000226
E02006581,E07000226
E02006582,E07000226
E02006583,E07000226
E02006584,E07000226
E02006585,E07000226
E02006586,E07000226
E02006587,E07000226
E02006588,E07000227
E02006589,E07000227
E02006590,E07000227
E02006591,E07000227
E02006592,E07000227
E02006593,E07000227
E02006594,E07000227
E02006595,E07000227
E02006596,E07000227
E02006597,E07000227
E02006598,E07000227
E02001040,E08000002
E02001041,E08000002
E02001042,E08000002
E02004926,E07000240
E02001043,E08000002
E02001044,E08000002
E02004927,E07000240
E02001045,E08000003
E02006525,E07000222
E02004928,E07000240
E02006621,E07000229
E02001046,E08000003
E02006526,E07000222
E02004929,E07000240
E02006622,E07000229
E02006527,E07000222
E02004930,E07000240
E02006623,E07000229
E02006528,E07000222
E02004931,E07000240
E02006624,E07000229
E02006529,E07000222
E02004932,E07000240
E02006625,E07000229
E02006530,E07000222
E02004933,E07000240
E02006626,E07000229
E02006531,E07000222
E02004934,E07000240
E02006627,E07000229
E02006532,E07000222
E02004935,E07000240
E02006628,E07000229
E02006533,E07000222
E02004936,E07000240
E02006629,E07000229
E02006534,E07000223
E02006535,E07000223
E02006536,E07000223
E02006537,E07000223
E02006538,E07000223
E02006539,E07000223
E02006540,E07000223
E02006541,E07000223
E02006542,E07000224
E02006543,E07000224
E02006544,E07000224
E02006545,E07000224
E02006546,E07000224
E02006547,E07000224
E02006548,E07000224
E02006630,E07000229
E02004937,E07000240
E02004939,E07000240
E02004940,E07000240
E02004941,E07000240
E02004942,E07000240
E02004943,E07000240
E02007090,E07000240
E02004980,E07000241
E02004981,E07000241
E02004982,E07000241
E02004983,E07000241
E02004984,E07000241
E02004985,E07000241
E02004986,E07000241
E02004987,E07000241
E02004988,E07000241
E02004989,E07000241
E02006631,E07000229
E02006632,E07000229
E02006633,E07000229
E02006696,E07000234
E02006697,E07000234
E02006698,E07000234
E02006699,E07000234
E02006700,E07000234
E02006701,E07000234
E02006702,E07000234
E02006703,E07000234
E02006704,E07000234
E02006705,E07000234
E02006706,E07000234
E02006707,E07000234
E02006708,E07000234
E02006709,E07000234
E02006710,E07000235
E02001337,E08000011
E02001338,E08000011
E02001339,E08000011
E02001340,E08000011
E02001341,E08000011
E02001342,E08000011
E02001343,E08000011
E02001344,E08000011
E02001345,E08000011
E02001346,E08000011
E02001347,E08000012
E02001348,E08000012
E02001349,E08000012
E02001350,E08000012
E02001351,E08000012
E02001352,E08000012
E02001353,E08000012
E02001354,E08000012
E02001355,E08000012
E02001356,E08000012
E02001357,E08000012
E02001358,E08000012
E02001359,E08000012
E02001360,E08000012
E02001361,E08000012
E02001362,E08000012
E02001363,E08000012
E02001364,E08000012
E02001365,E08000012
E02001366,E08000012
E02001367,E08000012
E02001368,E08000012
E02001369,E08000012
E02001370,E08000012
E02001371,E08000012
E02001372,E08000012
E02001373,E08000012
E02001374,E08000012
E02001375,E08000012
E02001376,E08000012
E02001377,E08000012
E02001378,E08000012
E02001380,E08000012
E02001381,E08000012
E02001382,E08000012
E02001383,E08000012
E02001384,E08000012
E02001385,E08000012
E02001386,E08000012
E02001387,E08000012
E02001287,E08000010
E02006915,E08000003
E02001288,E08000010
E02001289,E08000010
E02001290,E08000010
E02001291,E08000010
E02001292,E08000010
E02001293,E08000010
E02001294,E08000010
E02001295,E08000010
E02001296,E08000010
E02001297,E08000010
E02001298,E08000010
E02001299,E08000010
E02001300,E08000010
E02001301,E08000010
E02001302,E08000010
E02001303,E08000010
E02001304,E08000010
E02001305,E08000010
E02001306,E08000010
E02001307,E08000010
E02001308,E08000010
E02001309,E08000010
E02001310,E08000010
E02001311,E08000010
E02001312,E08000010
E02001313,E08000010
E02001314,E08000010
E02001315,E08000010
E02001316,E08000010
E02001317,E08000010
E02001318,E08000010
E02001319,E08000010
E02001320,E08000010
E02001321,E08000010
E02001322,E08000010
E02001323,E08000010
E02001324,E08000010
E02001047,E08000003
E02001325,E08000010
E02001326,E08000010
E02001327,E08000011
E02001328,E08000011
E02001329,E08000011
E02001330,E08000011
E02001331,E08000011
E02001332,E08000011
E02001333,E08000011
E02001334,E08000011
E02001335,E08000011
E02001336,E08000011
E02001141,E08000005
E02001187,E08000007
E02001237,E08000008
E02001388,E08000012
E02006916,E08000003
E02001142,E08000005
E02001143,E08000005
E02001144,E08000005
E02001145,E08000005
E02001146,E08000005
E02001147,E08000005
E02001148,E08000005
E02001149,E08000005
E02001150,E08000005
E02001151,E08000005
E02001152,E08000005
E02001153,E08000005
E02001154,E08000005
E02001155,E08000005
E02001156,E08000005
E02001157,E08000006
E02001158,E08000006
E02001159,E08000006
E02001160,E08000006
E02001161,E08000006
E02001162,E08000006
E02001389,E08000012
E02001163,E08000006
E02001188,E08000007
E02001390,E08000012
E02001164,E08000006
E02001189,E08000007
E02001238,E08000008
E02006917,E08000003
E02001048,E08000003
E02001391,E08000012
E02001165,E08000006
E02001190,E08000007
E02001239,E08000008
E02006983,E08000003
E02001049,E08000003
E02001392,E08000012
E02001166,E08000006
E02001191,E08000007
E02001240,E08000008
E02006984,E08000003
E02001050,E08000003
E02001393,E08000012
E02001167,E08000006
E02001192,E08000007
E02001241,E08000008
E02006985,E08000003
E02001051,E08000003
E02001394,E08000012
E02001168,E08000006
E02001193,E08000007
E02001242,E08000008
E02006986,E08000003
E02001052,E08000003
E02001395,E08000012
E02001169,E08000006
E02001170,E08000006
E02001194,E08000007
E02001195,E08000007
E02001196,E08000007
E02001197,E08000007
E02001198,E08000007
E02001199,E08000007
E02001171,E08000006
E02001396,E08000012
E02001200,E08000007
E02001243,E08000008
E02001098,E08000004
E02001053,E08000003
E02001055,E08000003
E02001397,E08000012
E02001056,E08000003
E02001099,E08000004
E02001398,E08000012
E02001059,E08000003
E02001100,E08000004
E02001244,E08000008
E02001201,E08000007
E02001399,E08000012
E02001061,E08000003
E02001101,E08000004
E02001245,E08000008
E02001202,E08000007
E02001173,E08000006
E02001400,E08000012
E02001062,E08000003
E02001102,E08000004
E02001246,E08000008
E02001203,E08000007
E02001174,E08000006
E02001401,E08000012
E02001063,E08000003
E02001103,E08000004
E02001247,E08000008
E02001204,E08000007
E02001175,E08000006
E02001402,E08000012
E02001064,E08000003
E02001104,E08000004
E02001248,E08000008
E02001205,E08000007
E02001176,E08000006
E02001403,E08000012
E02001065,E08000003
E02001105,E08000004
E02001249,E08000008
E02001206,E08000007
E02001177,E08000006
E02001404,E08000012
E02001066,E08000003
E02001106,E08000004
E02001250,E08000008
E02001207,E08000007
E02001179,E08000006
E02001405,E08000012
E02001067,E08000003
E02001107,E08000004
E02001251,E08000008
E02001208,E08000007
E02001180,E08000006
E02006932,E08000012
E02001068,E08000003
E02001108,E08000004
E02001252,E08000008
E02001209,E08000007
E02006933,E08000012
E02001210,E08000007
E02001253,E08000008
E02001109,E08000004
E02001069,E08000003
E02001181,E08000006
E02006934,E08000012
E02001182,E08000006
E02001070,E08000003
E02001406,E08000013
E02001183,E08000006
E02001072,E08000003
E02001110,E08000004
E02001254,E08000008
E02001407,E08000013
E02001185,E08000006
E02001073,E08000003
E02001111,E08000004
E02001255,E08000008
E02001211,E08000007
E02001408,E08000013
E02001186,E08000006
E02001074,E08000003
E02001112,E08000004
E02001256,E08000008
E02001212,E08000007
E02001409,E08000013
E02006957,E08000006
E02001075,E08000003
E02001113,E08000004
E02001257,E08000008
E02001213,E08000007
E02001410,E08000013
E02006958,E08000006
E02001076,E08000003
E02001114,E08000004
E02001258,E08000008
E02001214,E08000007
E02001411,E08000013
E02006959,E08000006
E02001077,E08000003
E02001115,E08000004
E02001259,E08000009
E02001215,E08000007
E02001412,E08000013
E02006960,E08000006
E02001078,E08000003
E02001116,E08000004
E02001260,E08000009
E02001216,E08000007
E02001413,E08000013
E02006961,E08000006
E02001079,E08000003
E02001117,E08000004
E02001261,E08000009
E02001217,E08000007
E02001414,E08000013
E02006962,E08000006
E02001080,E08000003
E02001118,E08000004
E02001262,E08000009
E02001218,E08000007
E02001415,E08000013
E02006963,E08000006
E02001081,E08000003
E02001119,E08000004
E02001263,E08000009
E02001219,E08000007
E02001416,E08000013
E02001417,E08000013
E02001418,E08000013
E02001419,E08000013
E02001420,E08000013
E02001421,E08000013
E02001422,E08000013
E02001423,E08000013
E02001425,E08000013
E02001426,E08000013
E02001427,E08000013
E02001428,E08000013
E02006935,E08000013
E02006936,E08000013
E02001429,E08000014
E02001430,E08000014
E02001431,E08000014
E02001432,E08000014
E02001433,E08000014
E02001220,E08000007
E02001221,E08000007
E02001222,E08000007
E02001223,E08000007
E02001224,E08000007
E02001225,E08000007
E02001226,E08000007
E02001227,E08000007
E02001228,E08000007
E02001229,E08000008
E02001230,E08000008
E02001231,E08000008
E02001232,E08000008
E02001233,E08000008
E02001234,E08000008
E02001235,E08000008
E02001236,E08000008
E02001264,E08000009
E02001265,E08000009
E02001266,E08000009
E02001267,E08000009
E02001268,E08000009
E02001269,E08000009
E02001270,E08000009
E02001271,E08000009
E02001272,E08000009
E02001273,E08000009
E02001274,E08000009
E02001275,E08000009
E02001276,E08000009
E02001277,E08000009
E02001278,E08000009
E02001279,E08000009
E02001280,E08000009
E02001281,E08000009
E02001282,E08000009
E02001283,E08000009
E02001284,E08000009
E02001285,E08000009
E02001286,E08000009
E02001121,E08000004
E02001123,E08000004
E02001124,E08000004
E02001125,E08000004
E02001126,E08000004
E02001127,E08000004
E02001128,E08000004
E02001129,E08000004
E02001130,E08000004
E02001131,E08000004
E02007000,E08000004
E02007001,E08000004
E02001132,E08000005
E02001133,E08000005
E02001134,E08000005
E02001135,E08000005
E02001136,E08000005
E02001137,E08000005
E02001138,E08000005
E02001139,E08000005
E02001140,E08000005
E02001082,E08000003
E02001083,E08000003
E02001084,E08000003
E02001085,E08000003
E02001086,E08000003
E02001087,E08000003
E02001088,E08000003
E02001089,E08000003
E02001090,E08000003
E02001091,E08000003
E02001092,E08000003
E02001093,E08000003
E02001094,E08000003
E02001095,E08000003
E02001096,E08000003
E02001097,E08000003
E02006902,E08000003
E02006912,E08000003
E02006913,E08000003
E02006914,E08000003
E02001534,E08000016
E02001535,E08000016
E02001536,E08000016
E02001537,E08000016
E02001538,E08000016
E02001539,E08000017
E02001540,E08000017
E02001541,E08000017
E02001542,E08000017
E02001543,E08000017
E02001544,E08000017
E02001545,E08000017
E02001546,E08000017
E02001547,E08000017
E02001548,E08000017
E02001549,E08000017
E02001550,E08000017
E02001551,E08000017
E02001552,E08000017
E02001553,E08000017
E02001554,E08000017
E02001555,E08000017
E02001556,E08000017
E02001557,E08000017
E02001558,E08000017
E02001559,E08000017
E02001560,E08000017
E02001561,E08000017
E02001562,E08000017
E02001563,E08000017
E02001564,E08000017
E02001565,E08000017
E02001566,E08000017
E02001567,E08000017
E02001568,E08000017
E02001569,E08000017
E02001570,E08000017
E02001571,E08000017
E02001572,E08000017
E02001573,E08000017
E02001574,E08000017
E02001575,E08000017
E02001576,E08000017
E02001577,E08000017
E02001578,E08000018
E02001579,E08000018
E02001580,E08000018
E02001581,E08000018
E02001582,E08000018
E02001583,E08000018
E02001808,E08000024
E02001635,E08000019
E02001584,E08000018
E02001758,E08000022
E02001713,E08000021
E02001434,E08000014
E02001484,E08000015
E02001636,E08000019
E02001637,E08000019
E02001638,E08000019
E02001639,E08000019
E02001640,E08000019
E02001642,E08000019
E02001643,E08000019
E02001646,E08000019
E02001647,E08000019
E02001648,E08000019
E02001649,E08000019
E02001650,E08000019
E02001651,E08000019
E02001652,E08000019
E02001653,E08000019
E02001654,E08000019
E02001655,E08000019
E02001656,E08000019
E02001657,E08000019
E02001658,E08000019
E02001659,E08000019
E02001660,E08000019
E02001661,E08000019
E02001662,E08000019
E02001663,E08000019
E02001664,E08000019
E02001665,E08000019
E02001666,E08000019
E02001669,E08000019
E02001670,E08000019
E02001671,E08000019
E02001672,E08000019
E02001673,E08000019
E02001674,E08000019
E02001675,E08000019
E02001676,E08000019
E02001678,E08000019
E02001679,E08000019
E02001680,E08000019
E02001681,E08000019
E02006803,E08000019
E02006843,E08000019
E02006844,E08000019
E02006868,E08000019
E02006869,E08000019
E02001709,E08000021
E02001710,E08000021
E02001711,E08000021
E02001712,E08000021
E02001485,E08000015
E02001435,E08000014
E02001714,E08000021
E02001759,E08000022
E02001585,E08000018
E02001809,E08000024
E02001586,E08000018
E02001587,E08000018
E02001588,E08000018
E02001589,E08000018
E02001590,E08000018
E02001591,E08000018
E02001592,E08000018
E02001593,E08000018
E02001594,E08000018
E02001595,E08000018
E02001596,E08000018
E02001597,E08000018
E02001598,E08000018
E02001600,E08000018
E02001602,E08000018
E02001603,E08000018
E02001604,E08000018
E02001810,E08000024
E02001605,E08000018
E02001760,E08000022
E02001811,E08000024
E02001606,E08000018
E02001761,E08000022
E02001715,E08000021
E02001436,E08000014
E02001812,E08000024
E02001607,E08000018
E02001762,E08000022
E02001718,E08000021
E02001437,E08000014
E02001486,E08000015
E02001813,E08000024
E02001608,E08000018
E02001763,E08000022
E02001719,E08000021
E02001438,E08000014
E02001487,E08000015
E02001814,E08000024
E02001609,E08000018
E02001764,E08000022
E02001720,E08000021
E02001439,E08000014
E02001488,E08000015
E02001815,E08000024
E02001610,E08000018
E02001765,E08000022
E02001721,E08000021
E02001440,E08000014
E02001489,E08000015
E02001816,E08000024
E02007002,E08000018
E02001766,E08000022
E02001722,E08000021
E02001441,E08000014
E02001490,E08000015
E02001817,E08000024
E02001611,E08000019
E02001767,E08000022
E02001723,E08000021
E02001442,E08000014
E02001491,E08000015
E02001818,E08000024
E02001612,E08000019
E02001443,E08000014
E02001768,E08000023
E02001769,E08000023
E02001770,E08000023
E02001771,E08000023
E02001772,E08000023
E02001773,E08000023
E02001774,E08000023
E02001775,E08000023
E02001776,E08000023
E02001777,E08000023
E02001778,E08000023
E02001779,E08000023
E02001780,E08000023
E02001781,E08000023
E02001782,E08000023
E02001783,E08000023
E02001784,E08000023
E02001785,E08000023
E02001786,E08000023
E02001787,E08000023
E02001788,E08000023
E02001789,E08000023
E02001790,E08000023
E02001791,E08000024
E02001792,E08000024
E02001793,E08000024
E02001794,E08000024
E02001795,E08000024
E02001796,E08000024
E02001797,E08000024
E02001798,E08000024
E02001799,E08000024
E02001800,E08000024
E02001801,E08000024
E02001802,E08000024
E02001803,E08000024
E02001804,E08000024
E02001805,E08000024
E02001806,E08000024
E02001807,E08000024
E02001444,E08000014
E02001819,E08000024
E02001613,E08000019
E02001492,E08000015
E02001820,E08000024
E02001614,E08000019
E02001445,E08000014
E02001724,E08000021
E02001821,E08000024
E02001725,E08000021
E02001446,E08000014
E02001822,E08000024
E02001726,E08000021
E02001447,E08000014
E02001615,E08000019
E02001493,E08000015
E02001823,E08000024
E02001727,E08000021
E02001448,E08000014
E02001616,E08000019
E02001617,E08000019
E02001618,E08000019
E02001619,E08000019
E02001620,E08000019
E02001621,E08000019
E02001622,E08000019
E02001623,E08000019
E02001624,E08000019
E02001625,E08000019
E02001626,E08000019
E02001627,E08000019
E02001628,E08000019
E02001629,E08000019
E02001630,E08000019
E02001631,E08000019
E02001632,E08000019
E02001633,E08000019
E02001634,E08000019
E02001824,E08000024
E02001825,E08000024
E02001826,E08000024
E02001827,E08000025
E02001828,E08000025
E02001829,E08000025
E02001830,E08000025
E02001831,E08000025
E02001832,E08000025
E02001833,E08000025
E02001834,E08000025
E02001835,E08000025
E02001836,E08000025
E02001837,E08000025
E02001838,E08000025
E02001839,E08000025
E02001840,E08000025
E02001494,E08000015
E02001841,E08000025
E02001842,E08000025
E02001495,E08000015
E02001843,E08000025
E02001728,E08000021
E02001496,E08000015
E02001449,E08000014
E02001844,E08000025
E02001729,E08000021
E02001497,E08000015
E02001450,E08000014
E02001845,E08000025
E02001732,E08000021
E02001498,E08000015
E02001451,E08000014
E02001846,E08000025
E02001734,E08000021
E02001499,E08000015
E02001452,E08000014
E02001847,E08000025
E02001735,E08000021
E02001500,E08000015
E02001453,E08000014
E02001848,E08000025
E02001737,E08000021
E02001501,E08000015
E02001454,E08000014
E02001849,E08000025
E02006893,E08000021
E02007095,E08000021
E02007096,E08000021
E02007097,E08000021
E02007098,E08000021
E02007099,E08000021
E02007100,E08000021
E02007101,E08000021
E02007102,E08000021
E02007103,E08000021
E02007104,E08000021
E02001738,E08000022
E02001739,E08000022
E02001740,E08000022
E02001741,E08000022
E02001742,E08000022
E02001743,E08000022
E02001744,E08000022
E02001745,E08000022
E02001746,E08000022
E02001747,E08000022
E02001748,E08000022
E02001749,E08000022
E02001750,E08000022
E02001751,E08000022
E02001752,E08000022
E02001753,E08000022
E02001754,E08000022
E02001755,E08000022
E02001756,E08000022
E02001757,E08000022
E02001850,E08000025
E02001851,E08000025
E02001852,E08000025
E02001855,E08000025
E02001856,E08000025
E02001857,E08000025
E02001858,E08000025
E02001859,E08000025
E02001502,E08000015
E02001503,E08000015
E02001504,E08000015
E02001505,E08000015
E02001506,E08000015
E02001507,E08000015
E02001508,E08000015
E02001509,E08000016
E02001510,E08000016
E02001511,E08000016
E02001512,E08000016
E02001513,E08000016
E02001514,E08000016
E02001515,E08000016
E02001516,E08000016
E02001517,E08000016
E02001518,E08000016
E02001519,E08000016
E02001520,E08000016
E02001521,E08000016
E02001522,E08000016
E02001523,E08000016
E02001524,E08000016
E02001525,E08000016
E02001526,E08000016
E02001527,E08000016
E02001528,E08000016
E02001529,E08000016
E02001530,E08000016
E02001531,E08000016
E02001532,E08000016
E02001533,E08000016
E02001455,E08000014
E02001456,E08000014
E02001457,E08000014
E02001458,E08000014
E02001459,E08000014
E02001460,E08000014
E02001461,E08000014
E02001462,E08000014
E02001463,E08000014
E02001464,E08000014
E02001465,E08000014
E02001466,E08000014
E02001467,E08000015
E02001468,E08000015
E02001469,E08000015
E02001470,E08000015
E02001471,E08000015
E02001472,E08000015
E02001473,E08000015
E02001474,E08000015
E02001475,E08000015
E02001476,E08000015
E02001477,E08000015
E02001478,E08000015
E02001479,E08000015
E02001480,E08000015
E02001481,E08000015
E02001482,E08000015
E02001483,E08000015
E02002058,E08000028
E02002059,E08000028
E02002060,E08000028
E02002061,E08000028
E02002062,E08000028
E02002063,E08000028
E02002064,E08000028
E02002065,E08000028
E02002066,E08000028
E02002067,E08000028
E02002069,E08000028
E02002070,E08000028
E02002071,E08000028
E02002072,E08000028
E02002073,E08000028
E02002074,E08000028
E02002075,E08000028
E02002076,E08000028
E02002077,E08000028
E02002078,E08000028
E02002079,E08000028
E02002080,E08000028
E02006810,E08000028
E02006943,E08000028
E02006944,E08000028
E02002081,E08000029
E02002082,E08000029
E02002083,E08000029
E02002084,E08000029
E02002085,E08000029
E02002086,E08000029
E02002087,E08000029
E02002088,E08000029
E02002089,E08000029
E02002090,E08000029
E02002091,E08000029
E02002092,E08000029
E02002093,E08000029
E02002094,E08000029
E02002095,E08000029
E02002096,E08000029
E02002097,E08000029
E02002098,E08000029
E02002099,E08000029
E02002101,E08000029
E02002102,E08000029
E02002103,E08000029
E02002104,E08000029
E02002105,E08000029
E02002106,E08000029
E02001860,E08000025
E02001861,E08000025
E02001862,E08000025
E02001863,E08000025
E02001865,E08000025
E02001866,E08000025
E02001867,E08000025
E02001868,E08000025
E02001869,E08000025
E02001870,E08000025
E02001871,E08000025
E02001872,E08000025
E02001873,E08000025
E02001874,E08000025
E02001875,E08000025
E02001876,E08000025
E02001877,E08000025
E02001878,E08000025
E02001879,E08000025
E02001880,E08000025
E02001881,E08000025
E02001882,E08000025
E02001883,E08000025
E02002208,E08000032
E02001884,E08000025
E02001886,E08000025
E02001888,E08000025
E02002209,E08000032
E02002107,E08000029
E02001889,E08000025
E02002210,E08000032
E02002108,E08000029
E02001890,E08000025
E02002211,E08000032
E02002109,E08000029
E02001916,E08000025
E02001892,E08000025
E02002212,E08000032
E02002007,E08000027
E02006808,E08000029
E02001918,E08000025
E02001893,E08000025
E02002213,E08000032
E02002156,E08000031
E02002110,E08000030
E02002008,E08000027
E02001919,E08000025
E02001895,E08000025
E02002214,E08000032
E02007040,E08000025
E02002157,E08000031
E02002111,E08000030
E02002009,E08000027
E02001920,E08000025
E02001896,E08000025
E02002215,E08000032
E02002216,E08000032
E02002217,E08000032
E02002218,E08000032
E02002219,E08000032
E02002220,E08000032
E02002222,E08000032
E02002223,E08000032
E02002224,E08000032
E02002225,E08000032
E02002226,E08000032
E02002227,E08000032
E02002228,E08000032
E02002229,E08000032
E02002230,E08000032
E02002231,E08000032
E02002232,E08000032
E02002233,E08000032
E02002234,E08000032
E02002235,E08000032
E02002236,E08000032
E02002237,E08000032
E02002238,E08000032
E02002239,E08000032
E02002240,E08000032
E02002241,E08000032
E02002242,E08000032
E02002243,E08000032
E02006945,E08000032
E02006946,E08000032
E02006947,E08000032
E02006948,E08000032
E02002244,E08000033
E02002245,E08000033
E02002246,E08000033
E02002247,E08000033
E02002248,E08000033
E02002249,E08000033
E02002250,E08000033
E02002251,E08000033
E02002252,E08000033
E02002253,E08000033
E02002254,E08000033
E02001897,E08000025
E02001898,E08000025
E02001899,E08000025
E02001900,E08000025
E02001901,E08000025
E02001902,E08000025
E02001903,E08000025
E02001904,E08000025
E02001905,E08000025
E02001906,E08000025
E02001907,E08000025
E02001908,E08000025
E02001909,E08000025
E02001910,E08000025
E02001911,E08000025
E02001913,E08000025
E02001914,E08000025
E02001915,E08000025
E02002112,E08000030
E02002113,E08000030
E02002114,E08000030
E02002115,E08000030
E02002116,E08000030
E02002117,E08000030
E02002118,E08000030
E02002119,E08000030
E02002120,E08000030
E02002121,E08000030
E02002122,E08000030
E02002123,E08000030
E02002124,E08000030
E02002125,E08000030
E02002126,E08000030
E02002127,E08000030
E02002128,E08000030
E02002129,E08000030
E02002130,E08000030
E02002131,E08000030
E02002132,E08000030
E02002133,E08000030
E02002134,E08000030
E02002135,E08000030
E02002136,E08000030
E02002137,E08000030
E02002138,E08000030
E02002139,E08000030
E02002140,E08000030
E02002141,E08000030
E02002142,E08000030
E02002143,E08000030
E02002144,E08000030
E02002145,E08000030
E02002146,E08000030
E02002147,E08000030
E02002148,E08000030
E02002149,E08000031
E02002150,E08000031
E02002151,E08000031
E02002152,E08000031
E02002153,E08000031
E02002154,E08000031
E02002155,E08000031
E02001958,E08000026
E02001959,E08000026
E02001961,E08000026
E02001962,E08000026
E02001963,E08000026
E02001964,E08000026
E02001965,E08000026
E02001966,E08000026
E02001967,E08000026
E02001968,E08000026
E02001969,E08000026
E02001970,E08000026
E02001971,E08000026
E02001972,E08000026
E02001973,E08000026
E02001974,E08000026
E02001975,E08000026
E02001976,E08000026
E02001977,E08000026
E02001978,E08000026
E02001979,E08000026
E02001980,E08000026
E02001981,E08000026
E02001982,E08000026
E02001983,E08000026
E02001984,E08000026
E02001985,E08000026
E02001986,E08000026
E02001987,E08000026
E02001988,E08000026
E02001989,E08000026
E02002158,E08000031
E02002010,E08000027
E02001921,E08000025
E02001922,E08000025
E02001923,E08000025
E02001924,E08000025
E02001925,E08000025
E02001926,E08000025
E02001927,E08000025
E02001928,E08000025
E02001929,E08000025
E02001930,E08000025
E02001931,E08000025
E02001932,E08000025
E02001933,E08000025
E02001934,E08000025
E02001935,E08000025
E02001936,E08000025
E02001937,E08000025
E02001938,E08000025
E02001939,E08000025
E02001941,E08000025
E02001942,E08000025
E02001943,E08000025
E02001944,E08000025
E02001945,E08000025
E02001946,E08000025
E02001947,E08000025
E02001948,E08000025
E02001949,E08000025
E02001950,E08000025
E02001951,E08000025
E02001952,E08000025
E02001953,E08000025
E02001954,E08000025
E02001955,E08000025
E02001956,E08000025
E02001957,E08000025
E02006807,E08000025
E02006809,E08000025
E02006895,E08000025
E02006896,E08000025
E02006897,E08000025
E02006898,E08000025
E02006899,E08000025
E02006900,E08000025
E02007038,E08000025
E02007039,E08000025
E02002011,E08000027
E02002159,E08000031
E02001990,E08000026
E02002012,E08000027
E02002160,E08000031
E02001991,E08000026
E02002013,E08000027
E02002161,E08000031
E02001992,E08000026
E02002014,E08000027
E02002162,E08000031
E02001993,E08000026
E02002015,E08000027
E02002163,E08000031
E02001994,E08000026
E02002016,E08000027
E02002164,E08000031
E02001995,E08000026
E02002017,E08000027
E02002165,E08000031
E02001996,E08000026
E02001997,E08000026
E02001998,E08000026
E02001999,E08000026
E02006805,E08000026
E02002000,E08000027
E02002001,E08000027
E02002002,E08000027
E02002003,E08000027
E02002004,E08000027
E02002005,E08000027
E02002006,E08000027
E02002166,E08000031
E02002018,E08000027
E02002019,E08000027
E02002020,E08000027
E02002021,E08000027
E02002022,E08000027
E02002023,E08000027
E02002024,E08000027
E02002025,E08000027
E02002026,E08000027
E02002027,E08000027
E02002028,E08000027
E02002029,E08000027
E02002030,E08000027
E02002031,E08000027
E02002032,E08000027
E02002033,E08000027
E02002034,E08000027
E02002035,E08000027
E02002036,E08000027
E02002037,E08000027
E02002038,E08000027
E02002039,E08000027
E02002040,E08000027
E02002041,E08000027
E02002042,E08000027
E02002043,E08000028
E02002044,E08000028
E02002045,E08000028
E02002046,E08000028
E02002047,E08000028
E02002048,E08000028
E02002049,E08000028
E02002051,E08000028
E02002052,E08000028
E02002053,E08000028
E02002054,E08000028
E02002055,E08000028
E02002056,E08000028
E02002057,E08000028
E02002167,E08000031
E02002168,E08000031
E02002169,E08000031
E02002170,E08000031
E02002171,E08000031
E02002174,E08000031
E02002175,E08000031
E02002176,E08000031
E02002177,E08000031
E02002178,E08000031
E02002179,E08000031
E02002180,E08000031
E02002181,E08000031
E02002182,E08000031
E02006894,E08000031
E02002183,E08000032
E02002184,E08000032
E02002185,E08000032
E02002187,E08000032
E02002188,E08000032
E02002189,E08000032
E02002190,E08000032
E02002191,E08000032
E02002192,E08000032
E02002193,E08000032
E02002194,E08000032
E02002195,E08000032
E02002196,E08000032
E02002197,E08000032
E02002198,E08000032
E02002199,E08000032
E02002200,E08000032
E02002201,E08000032
E02002202,E08000032
E02002203,E08000032
E02002204,E08000032
E02002205,E08000032
E02002206,E08000032
E02002207,E08000032
E02002255,E08000033
E02002256,E08000033
E02002257,E08000033
E02002258,E08000033
E02002259,E08000033
E02002260,E08000033
E02002261,E08000033
E02002262,E08000033
E02002263,E08000033
E02002264,E08000033
E02002265,E08000033
E02002266,E08000033
E02002267,E08000033
E02002268,E08000033
E02002269,E08000033
E02002270,E08000033
E02002271,E08000034
E02002272,E08000034
E02002273,E08000034
E02002274,E08000034
E02002275,E08000034
E02002276,E08000034
E02002277,E08000034
E02002278,E08000034
E02002279,E08000034
E02002280,E08000034
E02002281,E08000034
E02002282,E08000034
E02002283,E08000034
E02002284,E08000034
E02002285,E08000034
E02002286,E08000034
E02002287,E08000034
E02002288,E08000034
E02002289,E08000034
E02002290,E08000034
E02002291,E08000034
E02002292,E08000034
E02002293,E08000034
E02002294,E08000034
E02002295,E08000034
E02002296,E08000034
E02002297,E08000034
E02002298,E08000034
E02002299,E08000034
E02002300,E08000034
E02002301,E08000034
E02002302,E08000034
E02002303,E08000034
E02002304,E08000034
E02002456,E08000036
E02000047,E09000003
E02000048,E09000003
E02000049,E09000003
E02000050,E09000003
E02000051,E09000003
E02000052,E09000003
E02000054,E09000003
E02000055,E09000003
E02000056,E09000003
E02000057,E09000003
E02000058,E09000003
E02000059,E09000003
E02000060,E09000003
E02000061,E09000003
E02000062,E09000003
E02000063,E09000003
E02000064,E09000003
E02006953,E09000003
E02006954,E09000003
E02000065,E09000004
E02000066,E09000004
E02000067,E09000004
E02000068,E09000004
E02000069,E09000004
E02000070,E09000004
E02000071,E09000004
E02000072,E09000004
E02000073,E09000004
E02000074,E09000004
E02000075,E09000004
E02000077,E09000004
E02000078,E09000004
E02000079,E09000004
E02000080,E09000004
E02000081,E09000004
E02000082,E09000004
E02000083,E09000004
E02000084,E09000004
E02000085,E09000004
E02000086,E09000004
E02000087,E09000004
E02000088,E09000004
E02000089,E09000004
E02000090,E09000004
E02000091,E09000004
E02000092,E09000004
E02006785,E09000004
E02000093,E09000005
E02000094,E09000005
E02000095,E09000005
E02002457,E08000036
E02002458,E08000036
E02002459,E08000036
E02002460,E08000036
E02002461,E08000036
E02002462,E08000036
E02002463,E08000036
E02002464,E08000036
E02002465,E08000036
E02002466,E08000036
E02002467,E08000036
E02002468,E08000036
E02002469,E08000036
E02002470,E08000036
E02002471,E08000036
E02002472,E08000036
E02002473,E08000036
E02002474,E08000036
E02002475,E08000036
E02002476,E08000036
E02002477,E08000036
E02002478,E08000036
E02002479,E08000036
E02002480,E08000036
E02002481,E08000036
E02002482,E08000036
E02001682,E08000037
E02001683,E08000037
E02001684,E08000037
E02001685,E08000037
E02001686,E08000037
E02001688,E08000037
E02001689,E08000037
E02001690,E08000037
E02001691,E08000037
E02001692,E08000037
E02001693,E08000037
E02001694,E08000037
E02001695,E08000037
E02001696,E08000037
E02001697,E08000037
E02001698,E08000037
E02001699,E08000037
E02001700,E08000037
E02001701,E08000037
E02001702,E08000037
E02001703,E08000037
E02001704,E08000037
E02001706,E08000037
E02001707,E08000037
E02002356,E08000035
E02002357,E08000035
E02002358,E08000035
E02002359,E08000035
E02002360,E08000035
E02002361,E08000035
E02002362,E08000035
E02002363,E08000035
E02002364,E08000035
E02002366,E08000035
E02002367,E08000035
E02002368,E08000035
E02002369,E08000035
E02002370,E08000035
E02002371,E08000035
E02002373,E08000035
E02002374,E08000035
E02002375,E08000035
E02002376,E08000035
E02002377,E08000035
E02002379,E08000035
E02002380,E08000035
E02002381,E08000035
E02002382,E08000035
E02002383,E08000035
E02002384,E08000035
E02002385,E08000035
E02002386,E08000035
E02002387,E08000035
E02002388,E08000035
E02002389,E08000035
E02002390,E08000035
E02002391,E08000035
E02002392,E08000035
E02002393,E08000035
E02002394,E08000035
E02002395,E08000035
E02002396,E08000035
E02002397,E08000035
E02002398,E08000035
E02002399,E08000035
E02002400,E08000035
E02002401,E08000035
E02002402,E08000035
E02002403,E08000035
E02002404,E08000035
E02002405,E08000035
E02002406,E08000035
E02002407,E08000035
E02002408,E08000035
E02006841,E08000037
E02006842,E08000037
E02007094,E08000037
E02000001,E09000001
E02000002,E09000002
E02000003,E09000002
E02000004,E09000002
E02000005,E09000002
E02000007,E09000002
E02000008,E09000002
E02000009,E09000002
E02000010,E09000002
E02000011,E09000002
E02000012,E09000002
E02000013,E09000002
E02000014,E09000002
E02000015,E09000002
E02000016,E09000002
E02000017,E09000002
E02000018,E09000002
E02000019,E09000002
E02000020,E09000002
E02000021,E09000002
E02000022,E09000002
E02000023,E09000002
E02006799,E09000002
E02000024,E09000003
E02000025,E09000003
E02000026,E09000003
E02000027,E09000003
E02000028,E09000003
E02000029,E09000003
E02000030,E09000003
E02000031,E09000003
E02000032,E09000003
E02000033,E09000003
E02000034,E09000003
E02000035,E09000003
E02000036,E09000003
E02000037,E09000003
E02000038,E09000003
E02000039,E09000003
E02000040,E09000003
E02000041,E09000003
E02000042,E09000003
E02000043,E09000003
E02000044,E09000003
E02000045,E09000003
E02000046,E09000003
E02000096,E09000005
E02000097,E09000005
E02000098,E09000005
E02000099,E09000005
E02000100,E09000005
E02000101,E09000005
E02000102,E09000005
E02000103,E09000005
E02000104,E09000005
E02000105,E09000005
E02000106,E09000005
E02000107,E09000005
E02000108,E09000005
E02000110,E09000005
E02000111,E09000005
E02000112,E09000005
E02000113,E09000005
E02000114,E09000005
E02000115,E09000005
E02000116,E09000005
E02000117,E09000005
E02000118,E09000005
E02000119,E09000005
E02000120,E09000005
E02000121,E09000005
E02000122,E09000005
E02000123,E09000005
E02000124,E09000005
E02000125,E09000005
E02000126,E09000005
E02006955,E09000005
E02006956,E09000005
E02000127,E09000006
E02000128,E09000006
E02000130,E09000006
E02000131,E09000006
E02000132,E09000006
E02000133,E09000006
E02000134,E09000006
E02000135,E09000006
E02000136,E09000006
E02000137,E09000006
E02000138,E09000006
E02000139,E09000006
E02000140,E09000006
E02000141,E09000006
E02000142,E09000006
E02000144,E09000006
E02000145,E09000006
E02000146,E09000006
E02002305,E08000034
E02002409,E08000035
E02002410,E08000035
E02002411,E08000035
E02002412,E08000035
E02002414,E08000035
E02002415,E08000035
E02002416,E08000035
E02002417,E08000035
E02002418,E08000035
E02002419,E08000035
E02002420,E08000035
E02002421,E08000035
E02002422,E08000035
E02002423,E08000035
E02002424,E08000035
E02002425,E08000035
E02002426,E08000035
E02002427,E08000035
E02002428,E08000035
E02002429,E08000035
E02002430,E08000035
E02002431,E08000035
E02002432,E08000035
E02002433,E08000035
E02002434,E08000035
E02002435,E08000035
E02002436,E08000035
E02002437,E08000035
E02006852,E08000035
E02006861,E08000035
E02006875,E08000035
E02006876,E08000035
E02002438,E08000036
E02002439,E08000036
E02002440,E08000036
E02002441,E08000036
E02002442,E08000036
E02002443,E08000036
E02002444,E08000036
E02002445,E08000036
E02002446,E08000036
E02002447,E08000036
E02002448,E08000036
E02002449,E08000036
E02002450,E08000036
E02002451,E08000036
E02002452,E08000036
E02002453,E08000036
E02002454,E08000036
E02002455,E08000036
E02002306,E08000034
E02002307,E08000034
E02002308,E08000034
E02002309,E08000034
E02002310,E08000034
E02002311,E08000034
E02002312,E08000034
E02002313,E08000034
E02002314,E08000034
E02002315,E08000034
E02002316,E08000034
E02002317,E08000034
E02002318,E08000034
E02002319,E08000034
E02002320,E08000034
E02002321,E08000034
E02002322,E08000034
E02002323,E08000034
E02002324,E08000034
E02002325,E08000034
E02002326,E08000034
E02002327,E08000034
E02002328,E08000034
E02002329,E08000034
E02002330,E08000035
E02002331,E08000035
E02002332,E08000035
E02002333,E08000035
E02002334,E08000035
E02002335,E08000035
E02002336,E08000035
E02002337,E08000035
E02002338,E08000035
E02002339,E08000035
E02002340,E08000035
E02002341,E08000035
E02002342,E08000035
E02002343,E08000035
E02002344,E08000035
E02002345,E08000035
E02002346,E08000035
E02002347,E08000035
E02002348,E08000035
E02002349,E08000035
E02002350,E08000035
E02002351,E08000035
E02002352,E08000035
E02002353,E08000035
E02002354,E08000035
E02000147,E09000006
E02000148,E09000006
E02000149,E09000006
E02000150,E09000006
E02000151,E09000006
E02000152,E09000006
E02000153,E09000006
E02000154,E09000006
E02000155,E09000006
E02000156,E09000006
E02000157,E09000006
E02000158,E09000006
E02000159,E09000006
E02000160,E09000006
E02000161,E09000006
E02000162,E09000006
E02000163,E09000006
E02000165,E09000006
E02006782,E09000006
E02006787,E09000006
E02006789,E09000006
E02000166,E09000007
E02000167,E09000007
E02000168,E09000007
E02000169,E09000007
E02000170,E09000007
E02000171,E09000007
E02000172,E09000007
E02000173,E09000007
E02000174,E09000007
E02000175,E09000007
E02000176,E09000007
E02000177,E09000007
E02000178,E09000007
E02000179,E09000007
E02000180,E09000007
E02000181,E09000007
E02000182,E09000007
E02000183,E09000007
E02000184,E09000007
E02000185,E09000007
E02000186,E09000007
E02000187,E09000007
E02000188,E09000007
E02000191,E09000007
E02000192,E09000007
E02000193,E09000007
E02007115,E09000007
E02000194,E09000008
E02000195,E09000008
E02000437,E09000015
E02000438,E09000015
E02000439,E09000015
E02000440,E09000015
E02000441,E09000015
E02000442,E09000015
E02000443,E09000015
E02000444,E09000015
E02000445,E09000015
E02000447,E09000015
E02000448,E09000015
E02000449,E09000015
E02000451,E09000015
E02000452,E09000015
E02000453,E09000015
E02000454,E09000015
E02000455,E09000015
E02000456,E09000015
E02000457,E09000015
E02000459,E09000015
E02000460,E09000015
E02000461,E09000015
E02000462,E09000015
E02000463,E09000015
E02006795,E09000015
E02006882,E09000015
E02000464,E09000016
E02000465,E09000016
E02000466,E09000016
E02000467,E09000016
E02000468,E09000016
E02000469,E09000016
E02000470,E09000016
E02000471,E09000016
E02000472,E09000016
E02000473,E09000016
E02000474,E09000016
E02000475,E09000016
E02000476,E09000016
E02000477,E09000016
E02000478,E09000016
E02000479,E09000016
E02000480,E09000016
E02000481,E09000016
E02000482,E09000016
E02000483,E09000016
E02000484,E09000016
E02000485,E09000016
E02000486,E09000016
E02000487,E09000016
E02006931,E09000011
E02000245,E09000009
E02006991,E09000011
E02006992,E09000011
E02006993,E09000011
E02006994,E09000011
E02000345,E09000012
E02000346,E09000012
E02000347,E09000012
E02000348,E09000012
E02000350,E09000012
E02000351,E09000012
E02000352,E09000012
E02000353,E09000012
E02000354,E09000012
E02000355,E09000012
E02000356,E09000012
E02000357,E09000012
E02000358,E09000012
E02000359,E09000012
E02000360,E09000012
E02000361,E09000012
E02000362,E09000012
E02000363,E09000012
E02000364,E09000012
E02000366,E09000012
E02000367,E09000012
E02000368,E09000012
E02000369,E09000012
E02000370,E09000012
E02006918,E09000012
E02006921,E09000012
E02007108,E09000012
E02007109,E09000012
E02007110,E09000012
E02007111,E09000012
E02000372,E09000013
E02000373,E09000013
E02000374,E09000013
E02000375,E09000013
E02000376,E09000013
E02000377,E09000013
E02000378,E09000013
E02000379,E09000013
E02000380,E09000013
E02000381,E09000013
E02000382,E09000013
E02000387,E09000013
E02000196,E09000008
E02000293,E09000010
E02000488,E09000016
E02000383,E09000013
E02000384,E09000013
E02000385,E09000013
E02000386,E09000013
E02000246,E09000009
E02000247,E09000009
E02000248,E09000009
E02000249,E09000009
E02000250,E09000009
E02000251,E09000009
E02000252,E09000009
E02000253,E09000009
E02000254,E09000009
E02000255,E09000009
E02000256,E09000009
E02000258,E09000009
E02000259,E09000009
E02000260,E09000009
E02000261,E09000009
E02000262,E09000009
E02000263,E09000009
E02000264,E09000009
E02000265,E09000009
E02000266,E09000009
E02000267,E09000009
E02000268,E09000009
E02000269,E09000009
E02000270,E09000009
E02000271,E09000009
E02000272,E09000009
E02000275,E09000009
E02000276,E09000009
E02006791,E09000009
E02006968,E09000009
E02006969,E09000009
E02006970,E09000009
E02006971,E09000009
E02000277,E09000010
E02000278,E09000010
E02000279,E09000010
E02000280,E09000010
E02000281,E09000010
E02000282,E09000010
E02000283,E09000010
E02000284,E09000010
E02000285,E09000010
E02000286,E09000010
E02000287,E09000010
E02000288,E09000010
E02000289,E09000010
E02000290,E09000010
E02000291,E09000010
E02000292,E09000010
E02000388,E09000013
E02000389,E09000013
E02000390,E09000013
E02000391,E09000013
E02000392,E09000013
E02000393,E09000013
E02000394,E09000013
E02000395,E09000013
E02000396,E09000013
E02000397,E09000014
E02000398,E09000014
E02000400,E09000014
E02000401,E09000014
E02000402,E09000014
E02000403,E09000014
E02000404,E09000014
E02000405,E09000014
E02000406,E09000014
E02000407,E09000014
E02000408,E09000014
E02000409,E09000014
E02000410,E09000014
E02000411,E09000014
E02000412,E09000014
E02000413,E09000014
E02000414,E09000014
E02000415,E09000014
E02000416,E09000014
E02000417,E09000014
E02000418,E09000014
E02000419,E09000014
E02000420,E09000014
E02000421,E09000014
E02000422,E09000014
E02000423,E09000014
E02000424,E09000014
E02000425,E09000014
E02000426,E09000014
E02000427,E09000014
E02000428,E09000014
E02000429,E09000014
E02000430,E09000014
E02000431,E09000014
E02000432,E09000014
E02006794,E09000014
E02000433,E09000015
E02000434,E09000015
E02000435,E09000015
E02000436,E09000015
E02000197,E09000008
E02000198,E09000008
E02000199,E09000008
E02000200,E09000008
E02000201,E09000008
E02000202,E09000008
E02000203,E09000008
E02000204,E09000008
E02000206,E09000008
E02000207,E09000008
E02000208,E09000008
E02000209,E09000008
E02000210,E09000008
E02000211,E09000008
E02000212,E09000008
E02000213,E09000008
E02000214,E09000008
E02000215,E09000008
E02000216,E09000008
E02000217,E09000008
E02000218,E09000008
E02000219,E09000008
E02000221,E09000008
E02000222,E09000008
E02000223,E09000008
E02000224,E09000008
E02000225,E09000008
E02000226,E09000008
E02000227,E09000008
E02000228,E09000008
E02000229,E09000008
E02000230,E09000008
E02000231,E09000008
E02000232,E09000008
E02000233,E09000008
E02000234,E09000008
E02000235,E09000008
E02000236,E09000008
E02000237,E09000008
E02006788,E09000008
E02006987,E09000008
E02006988,E09000008
E02000238,E09000009
E02000239,E09000009
E02000240,E09000009
E02000241,E09000009
E02000242,E09000009
E02000243,E09000009
E02000244,E09000009
E02000294,E09000010
E02000295,E09000010
E02000296,E09000010
E02000297,E09000010
E02000298,E09000010
E02000299,E09000010
E02000300,E09000010
E02000301,E09000010
E02000302,E09000010
E02000303,E09000010
E02000304,E09000010
E02000305,E09000010
E02000306,E09000010
E02000307,E09000010
E02000308,E09000010
E02000309,E09000010
E02000311,E09000010
E02000312,E09000010
E02006793,E09000010
E02000313,E09000011
E02000314,E09000011
E02000315,E09000011
E02000317,E09000011
E02000318,E09000011
E02000319,E09000011
E02000320,E09000011
E02000321,E09000011
E02000323,E09000011
E02000324,E09000011
E02000326,E09000011
E02000327,E09000011
E02000328,E09000011
E02000329,E09000011
E02000331,E09000011
E02000332,E09000011
E02000333,E09000011
E02000334,E09000011
E02000335,E09000011
E02000337,E09000011
E02000339,E09000011
E02000340,E09000011
E02000341,E09000011
E02000342,E09000011
E02000343,E09000011
E02000344,E09000011
E02006786,E09000011
E02006927,E09000011
E02006928,E09000011
E02006930,E09000011
E02000489,E09000016
E02000490,E09000016
E02000491,E09000016
E02000492,E09000016
E02000493,E09000016
E02000494,E09000017
E02000495,E09000017
E02000496,E09000017
E02000497,E09000017
E02000498,E09000017
E02000499,E09000017
E02000500,E09000017
E02000501,E09000017
E02000502,E09000017
E02000503,E09000017
E02000504,E09000017
E02000506,E09000017
E02000507,E09000017
E02000508,E09000017
E02000509,E09000017
E02000510,E09000017
E02000511,E09000017
E02000512,E09000017
E02000513,E09000017
E02000514,E09000017
E02000515,E09000017
E02000516,E09000017
E02000517,E09000017
E02000518,E09000017
E02000519,E09000017
E02000520,E09000017
E02000521,E09000017
E02000522,E09000017
E02000523,E09000017
E02000524,E09000017
E02000525,E09000017
E02006796,E09000017
E02000526,E09000018
E02000529,E09000018
E02000530,E09000018
E02000531,E09000018
E02000532,E09000018
E02000533,E09000018
E02000534,E09000018
E02000535,E09000018
E02000536,E09000018
E02000537,E09000018
E02000538,E09000018
E02000539,E09000018
E02007020,E09000026
E02000784,E09000027
E02000785,E09000027
E02000786,E09000027
E02000787,E09000027
E02000788,E09000027
E02000789,E09000027
E02000790,E09000027
E02000791,E09000027
E02000792,E09000027
E02000793,E09000027
E02000794,E09000027
E02000795,E09000027
E02000796,E09000027
E02000797,E09000027
E02000798,E09000027
E02000799,E09000027
E02000800,E09000027
E02000801,E09000027
E02000802,E09000027
E02000803,E09000027
E02000804,E09000027
E02000805,E09000027
E02000806,E09000027
E02000807,E09000028
E02000808,E09000028
E02000810,E09000028
E02000812,E09000028
E02000813,E09000028
E02000814,E09000028
E02000815,E09000028
E02000816,E09000028
E02000817,E09000028
E02000818,E09000028
E02000819,E09000028
E02000820,E09000028
E02000821,E09000028
E02000822,E09000028
E02000823,E09000028
E02000824,E09000028
E02000825,E09000028
E02000826,E09000028
E02000827,E09000028
E02000828,E09000028
E02000829,E09000028
E02000830,E09000028
E02000831,E09000028
E02000832,E09000028
E02000833,E09000028
E02000834,E09000028
E02000638,E09000022
E02000639,E09000022
E02000640,E09000022
E02000641,E09000022
E02000642,E09000022
E02000643,E09000022
E02000644,E09000022
E02000645,E09000022
E02000646,E09000022
E02000647,E09000022
E02000648,E09000022
E02000649,E09000022
E02000650,E09000022
E02000651,E09000022
E02000652,E09000022
E02006801,E09000022
E02000653,E09000023
E02000654,E09000023
E02000655,E09000023
E02000657,E09000023
E02000658,E09000023
E02000659,E09000023
E02000660,E09000023
E02000661,E09000023
E02000662,E09000023
E02000663,E09000023
E02000665,E09000023
E02000666,E09000023
E02000667,E09000023
E02000668,E09000023
E02000669,E09000023
E02000670,E09000023
E02000671,E09000023
E02000672,E09000023
E02000673,E09000023
E02000674,E09000023
E02000675,E09000023
E02000676,E09000023
E02000677,E09000023
E02000678,E09000023
E02000679,E09000023
E02000680,E09000023
E02000681,E09000023
E02000682,E09000023
E02000683,E09000023
E02000685,E09000023
E02000686,E09000023
E02000687,E09000023
E02006783,E09000023
E02006784,E09000023
E02000882,E09000030
E02000737,E09000025
E02000738,E09000025
E02000739,E09000025
E02000740,E09000025
E02000741,E09000025
E02000742,E09000025
E02000743,E09000025
E02000744,E09000025
E02000745,E09000025
E02000746,E09000025
E02000747,E09000025
E02000748,E09000025
E02000749,E09000025
E02006995,E09000025
E02006996,E09000025
E02006997,E09000025
E02006998,E09000025
E02006999,E09000025
E02000751,E09000026
E02000752,E09000026
E02000753,E09000026
E02000754,E09000026
E02000755,E09000026
E02000756,E09000026
E02000757,E09000026
E02000758,E09000026
E02000759,E09000026
E02000760,E09000026
E02000762,E09000026
E02000763,E09000026
E02000764,E09000026
E02000765,E09000026
E02000767,E09000026
E02000768,E09000026
E02000770,E09000026
E02000772,E09000026
E02000773,E09000026
E02000774,E09000026
E02000776,E09000026
E02000777,E09000026
E02000779,E09000026
E02000781,E09000026
E02000782,E09000026
E02000783,E09000026
E02006800,E09000026
E02006924,E09000026
E02006925,E09000026
E02007017,E09000026
E02007018,E09000026
E02007019,E09000026
E02000883,E09000030
E02000884,E09000030
E02000835,E09000028
E02006798,E09000023
E02000587,E09000020
E02000540,E09000018
E02000885,E09000030
E02000886,E09000030
E02000887,E09000030
E02000888,E09000030
E02000889,E09000030
E02000890,E09000030
E02000893,E09000030
E02000894,E09000030
E02006853,E09000030
E02006854,E09000030
E02007112,E09000030
E02007113,E09000030
E02007114,E09000030
E02000895,E09000031
E02000896,E09000031
E02000897,E09000031
E02000898,E09000031
E02000899,E09000031
E02000900,E09000031
E02000901,E09000031
E02000902,E09000031
E02000903,E09000031
E02000904,E09000031
E02000905,E09000031
E02000906,E09000031
E02000907,E09000031
E02000908,E09000031
E02000909,E09000031
E02000910,E09000031
E02000911,E09000031
E02000912,E09000031
E02000913,E09000031
E02000914,E09000031
E02000915,E09000031
E02000916,E09000031
E02000917,E09000031
E02000918,E09000031
E02000919,E09000031
E02000920,E09000031
E02000921,E09000031
E02000922,E09000031
E02000923,E09000032
E02000925,E09000032
E02000926,E09000032
E02000927,E09000032
E02000928,E09000032
E02000929,E09000032
E02000836,E09000028
E02000837,E09000028
E02000838,E09000028
E02000839,E09000028
E02006802,E09000028
E02006941,E09000028
E02006942,E09000028
E02000840,E09000029
E02000841,E09000029
E02000842,E09000029
E02000843,E09000029
E02000844,E09000029
E02000845,E09000029
E02000846,E09000029
E02000847,E09000029
E02000848,E09000029
E02000849,E09000029
E02000850,E09000029
E02000851,E09000029
E02000852,E09000029
E02000853,E09000029
E02000854,E09000029
E02000855,E09000029
E02000856,E09000029
E02000857,E09000029
E02000858,E09000029
E02000859,E09000029
E02000860,E09000029
E02000861,E09000029
E02000863,E09000029
E02006836,E09000029
E02000864,E09000030
E02000865,E09000030
E02000866,E09000030
E02000867,E09000030
E02000868,E09000030
E02000869,E09000030
E02000870,E09000030
E02000871,E09000030
E02000872,E09000030
E02000873,E09000030
E02000874,E09000030
E02000875,E09000030
E02000876,E09000030
E02000877,E09000030
E02000878,E09000030
E02000879,E09000030
E02000880,E09000030
E02000881,E09000030
E02007008,E09000023
E02000541,E09000018
E02000588,E09000020
E02000589,E09000020
E02000590,E09000020
E02000591,E09000020
E02000592,E09000020
E02000593,E09000020
E02000594,E09000020
E02000595,E09000020
E02000596,E09000020
E02000597,E09000020
E02000598,E09000021
E02000599,E09000021
E02000600,E09000021
E02000601,E09000021
E02000602,E09000021
E02000603,E09000021
E02000604,E09000021
E02000605,E09000021
E02000606,E09000021
E02000607,E09000021
E02000608,E09000021
E02000609,E09000021
E02000610,E09000021
E02000611,E09000021
E02000612,E09000021
E02000613,E09000021
E02000614,E09000021
E02000615,E09000021
E02000616,E09000021
E02000617,E09000021
E02000619,E09000022
E02000620,E09000022
E02000621,E09000022
E02000622,E09000022
E02000623,E09000022
E02000624,E09000022
E02000625,E09000022
E02000626,E09000022
E02000627,E09000022
E02000628,E09000022
E02000629,E09000022
E02000630,E09000022
E02000631,E09000022
E02000632,E09000022
E02000633,E09000022
E02000634,E09000022
E02000635,E09000022
E02000636,E09000022
E02000637,E09000022
E02000542,E09000018
E02007009,E09000023
E02000689,E09000024
E02000690,E09000024
E02000691,E09000024
E02000692,E09000024
E02000693,E09000024
E02000694,E09000024
E02000695,E09000024
E02000696,E09000024
E02000697,E09000024
E02000698,E09000024
E02000699,E09000024
E02000700,E09000024
E02000701,E09000024
E02000702,E09000024
E02000703,E09000024
E02000704,E09000024
E02000705,E09000024
E02000706,E09000024
E02000707,E09000024
E02000708,E09000024
E02000709,E09000024
E02000710,E09000024
E02000711,E09000024
E02000712,E09000024
E02000713,E09000024
E02000714,E09000025
E02000715,E09000025
E02000716,E09000025
E02000717,E09000025
E02000718,E09000025
E02000719,E09000025
E02000720,E09000025
E02000721,E09000025
E02000722,E09000025
E02000723,E09000025
E02000724,E09000025
E02000725,E09000025
E02000727,E09000025
E02000728,E09000025
E02000729,E09000025
E02000730,E09000025
E02000731,E09000025
E02000732,E09000025
E02000733,E09000025
E02000734,E09000025
E02000735,E09000025
E02000736,E09000025
E02000543,E09000018
E02000544,E09000018
E02000545,E09000018
E02000546,E09000018
E02000547,E09000018
E02000548,E09000018
E02000549,E09000018
E02000550,E09000018
E02000551,E09000018
E02000552,E09000018
E02000553,E09000018
E02006792,E09000018
E02006972,E09000018
E02006973,E09000018
E02000554,E09000019
E02000555,E09000019
E02000556,E09000019
E02000557,E09000019
E02000558,E09000019
E02000559,E09000019
E02000560,E09000019
E02000561,E09000019
E02000562,E09000019
E02000563,E09000019
E02000564,E09000019
E02000565,E09000019
E02000566,E09000019
E02000567,E09000019
E02000568,E09000019
E02000569,E09000019
E02000570,E09000019
E02000571,E09000019
E02000572,E09000019
E02000573,E09000019
E02000574,E09000019
E02000575,E09000019
E02000576,E09000019
E02000577,E09000020
E02000578,E09000020
E02000579,E09000020
E02000580,E09000020
E02000581,E09000020
E02000582,E09000020
E02000583,E09000020
E02000584,E09000020
E02000585,E09000020
E02000586,E09000020
W02000385,W06000015
W02000386,W06000015
W02000387,W06000015
W02000388,W06000015
W02000389,W06000015
W02000390,W06000015
W02000391,W06000015
W02000392,W06000015
W02000393,W06000015
W02000394,W06000015
W02000395,W06000015
W02000396,W06000015
W02000397,W06000015
W02000398,W06000015
W02000399,W06000015
W02000400,W06000015
W02000401,W06000015
W02000402,W06000015
W02000403,W06000015
W02000404,W06000015
W02000405,W06000015
W02000406,W06000015
W02000407,W06000015
W02000408,W06000015
W02000409,W06000015
W02000410,W06000015
W02000411,W06000015
W02000412,W06000015
W02000422,W06000015
W02000423,W06000015
W02000252,W06000016
W02000253,W06000016
W02000254,W06000016
W02000255,W06000016
W02000256,W06000016
W02000257,W06000016
W02000258,W06000016
W02000259,W06000016
W02000260,W06000016
W02000261,W06000016
W02000262,W06000016
W02000263,W06000016
W02000264,W06000016
W02000265,W06000016
W02000266,W06000016
W02000267,W06000016
W02000268,W06000016
W02000269,W06000016
W02000270,W06000016
W02000271,W06000016
E02000978,E09000033
E02000930,E09000032
W02000272,W06000016
W02000220,W06000013
W02000221,W06000013
W02000045,W06000004
W02000116,W06000008
W02000222,W06000013
W02000223,W06000013
W02000224,W06000013
W02000225,W06000013
W02000226,W06000013
W02000227,W06000013
W02000228,W06000013
W02000229,W06000013
W02000230,W06000013
W02000231,W06000013
W02000232,W06000013
W02000233,W06000013
W02000234,W06000013
W02000235,W06000013
W02000236,W06000013
W02000237,W06000014
W02000238,W06000014
W02000239,W06000014
W02000240,W06000014
W02000241,W06000014
W02000242,W06000014
W02000243,W06000014
W02000244,W06000014
W02000245,W06000014
W02000246,W06000014
W02000247,W06000014
W02000248,W06000014
W02000249,W06000014
W02000250,W06000014
W02000251,W06000014
W02000367,W06000015
W02000368,W06000015
W02000369,W06000015
W02000370,W06000015
W02000371,W06000015
W02000372,W06000015
W02000373,W06000015
W02000374,W06000015
W02000375,W06000015
W02000376,W06000015
W02000377,W06000015
W02000378,W06000015
W02000168,W06000011
W02000379,W06000015
W02000380,W06000015
W02000381,W06000015
W02000382,W06000015
W02000383,W06000015
W02000384,W06000015
E02000931,E09000032
E02000979,E09000033
E02000932,E09000032
W02000273,W06000016
E02000933,E09000032
E02000934,E09000032
W02000274,W06000016
E02000935,E09000032
E02000980,E09000033
W02000169,W06000011
W02000117,W06000008
W02000118,W06000008
W02000120,W06000008
W02000122,W06000008
W02000123,W06000008
W02000124,W06000008
W02000125,W06000008
W02000421,W06000008
W02000126,W06000009
W02000127,W06000009
W02000128,W06000009
W02000129,W06000009
W02000130,W06000009
W02000131,W06000009
W02000132,W06000009
W02000133,W06000009
W02000134,W06000009
W02000135,W06000009
W02000136,W06000009
W02000137,W06000009
W02000138,W06000009
W02000139,W06000009
W02000140,W06000009
W02000141,W06000009
W02000142,W06000010
W02000143,W06000010
W02000144,W06000010
W02000145,W06000010
W02000146,W06000010
W02000147,W06000010
W02000148,W06000010
W02000149,W06000010
W02000170,W06000011
W02000151,W06000010
W02000171,W06000011
W02000047,W06000004
W02000172,W06000011
W02000152,W06000010
E02000936,E09000032
W02000275,W06000016
E02000981,E09000033
E02000982,E09000033
E02000983,E09000033
W02000001,W06000001
E02000937,E09000032
W02000002,W06000001
E02000938,E09000032
W02000153,W06000010
W02000003,W06000001
W02000276,W06000016
E02000939,E09000032
W02000154,W06000010
W02000173,W06000011
W02000049,W06000004
W02000004,W06000001
W02000277,W06000016
E02000940,E09000032
W02000156,W06000010
W02000174,W06000011
W02000050,W06000004
W02000005,W06000001
W02000006,W06000001
W02000007,W06000001
W02000008,W06000001
W02000009,W06000001
W02000010,W06000002
W02000011,W06000002
W02000012,W06000002
W02000013,W06000002
W02000014,W06000002
W02000015,W06000002
W02000016,W06000002
W02000017,W06000002
W02000018,W06000002
W02000019,W06000002
W02000020,W06000002
W02000021,W06000002
W02000022,W06000002
W02000023,W06000002
W02000024,W06000002
W02000025,W06000002
W02000026,W06000002
W02000027,W06000003
W02000028,W06000003
W02000029,W06000003
W02000030,W06000003
W02000031,W06000003
W02000032,W06000003
W02000033,W06000003
W02000034,W06000003
W02000035,W06000003
W02000036,W06000003
W02000037,W06000003
W02000038,W06000003
W02000039,W06000003
W02000040,W06000003
W02000041,W06000003
W02000042,W06000004
W02000043,W06000004
W02000044,W06000004
W02000051,W06000004
W02000052,W06000004
W02000053,W06000004
W02000054,W06000004
W02000055,W06000004
W02000056,W06000004
W02000057,W06000004
W02000419,W06000004
W02000058,W06000005
W02000059,W06000005
W02000060,W06000005
W02000061,W06000005
W02000062,W06000005
W02000063,W06000005
W02000064,W06000005
W02000065,W06000005
W02000066,W06000005
W02000067,W06000005
W02000068,W06000005
W02000069,W06000005
W02000070,W06000005
W02000071,W06000005
W02000072,W06000005
W02000073,W06000005
W02000074,W06000005
W02000075,W06000005
W02000076,W06000005
W02000077,W06000005
W02000080,W06000006
W02000081,W06000006
W02000082,W06000006
W02000083,W06000006
W02000085,W06000006
W02000087,W06000006
W02000088,W06000006
W02000089,W06000006
W02000090,W06000006
W02000091,W06000006
W02000092,W06000006
W02000093,W06000006
W02000094,W06000006
W02000095,W06000006
W02000096,W06000006
W02000424,W06000006
W02000425,W06000006
W02000426,W06000006
W02000278,W06000016
E02000941,E09000032
W02000157,W06000010
W02000175,W06000011
W02000279,W06000016
W02000280,W06000016
W02000281,W06000016
W02000282,W06000016
W02000290,W06000018
W02000291,W06000018
W02000292,W06000018
W02000293,W06000018
W02000294,W06000018
W02000295,W06000018
W02000296,W06000018
W02000297,W06000018
W02000298,W06000018
W02000299,W06000018
W02000300,W06000018
W02000301,W06000018
W02000176,W06000011
W02000302,W06000018
W02000158,W06000010
W02000177,W06000011
E02000942,E09000032
W02000303,W06000018
W02000159,W06000010
W02000178,W06000011
E02000943,E09000032
W02000304,W06000018
W02000160,W06000010
W02000179,W06000011
E02000944,E09000032
W02000305,W06000018
W02000161,W06000010
W02000180,W06000011
E02000945,E09000032
W02000306,W06000018
W02000162,W06000010
W02000181,W06000011
E02000946,E09000032
W02000307,W06000018
W02000163,W06000010
W02000182,W06000011
E02000947,E09000032
W02000308,W06000018
W02000164,W06000010
W02000183,W06000011
E02000948,E09000032
W02000309,W06000018
W02000165,W06000010
W02000184,W06000011
E02000949,E09000032
W02000310,W06000018
W02000166,W06000010
W02000185,W06000011
E02000950,E09000032
W02000311,W06000018
W02000167,W06000010
W02000186,W06000011
E02000951,E09000032
W02000312,W06000018
W02000418,W06000010
W02000188,W06000011
W02000189,W06000011
W02000191,W06000011
W02000192,W06000011
W02000193,W06000011
W02000194,W06000011
W02000195,W06000011
W02000196,W06000011
W02000197,W06000011
W02000198,W06000011
W02000428,W06000011
W02000200,W06000012
W02000201,W06000012
W02000202,W06000012
W02000204,W06000012
W02000205,W06000012
W02000206,W06000012
W02000207,W06000012
W02000208,W06000012
W02000210,W06000012
W02000211,W06000012
W02000212,W06000012
W02000213,W06000012
W02000214,W06000012
W02000215,W06000012
W02000216,W06000012
W02000217,W06000012
W02000417,W06000012
W02000427,W06000012
W02000218,W06000013
W02000219,W06000013
W02000313,W06000018
E02000952,E09000032
E02000953,E09000032
E02000954,E09000032
E02000955,E09000032
E02000956,E09000032
E02000957,E09000032
E02000958,E09000032
W02000314,W06000019
W02000315,W06000019
W02000316,W06000019
W02000317,W06000019
W02000318,W06000019
W02000319,W06000019
W02000320,W06000019
W02000321,W06000019
W02000322,W06000019
W02000323,W06000020
W02000324,W06000020
W02000325,W06000020
W02000326,W06000020
W02000327,W06000020
W02000328,W06000020
E02000959,E09000032
E02007083,E09000032
E02007084,E09000032
E02000960,E09000033
E02000961,E09000033
E02000962,E09000033
E02000963,E09000033
E02000964,E09000033
E02000965,E09000033
E02000966,E09000033
E02000967,E09000033
E02000968,E09000033
E02000969,E09000033
E02000970,E09000033
E02000971,E09000033
E02000972,E09000033
E02000973,E09000033
E02000974,E09000033
E02000975,E09000033
E02000976,E09000033
E02000977,E09000033
W02000329,W06000020
W02000330,W06000020
W02000331,W06000020
W02000332,W06000020
W02000333,W06000020
W02000334,W06000020
W02000335,W06000020
W02000336,W06000021
W02000337,W06000021
W02000338,W06000021
W02000339,W06000021
W02000340,W06000021
W02000341,W06000021
W02000342,W06000021
W02000343,W06000021
W02000344,W06000021
W02000345,W06000021
W02000346,W06000021
W02000347,W06000022
W02000348,W06000022
W02000349,W06000022
W02000350,W06000022
W02000351,W06000022
W02000352,W06000022
W02000353,W06000022
W02000354,W06000022
W02000355,W06000022
W02000356,W06000022
W02000357,W06000022
W02000358,W06000022
W02000359,W06000022
W02000360,W06000022
W02000361,W06000022
W02000362,W06000022
W02000363,W06000022
W02000364,W06000022
W02000365,W06000022
W02000366,W06000022
W02000097,W06000023
W02000098,W06000023
W02000099,W06000023
W02000100,W06000023
W02000101,W06000023
W02000102,W06000023
W02000103,W06000023
W02000104,W06000023
W02000105,W06000023
W02000106,W06000023
W02000107,W06000023
W02000108,W06000023
W02000109,W06000023
W02000110,W06000023
W02000111,W06000023
W02000113,W06000023
W02000114,W06000023
W02000414,W06000023
W02000416,W06000023
W02000284,W06000024
W02000285,W06000024
W02000286,W06000024
W02000287,W06000024
W02000288,W06000024
W02000289,W06000024
W02000415,W06000024
E05013038,E06000001
E05013039,E06000001
E05013040,E06000001
E05013041,E06000001
E05013042,E06000001
E05013043,E06000001
E05013044,E06000001
E05013045,E06000001
E05013046,E06000001
E05013047,E06000001
E05013048,E06000001
E05013049,E06000001
E05009853,E06000002
E05009854,E06000002
E05009855,E06000002
E05009856,E06000002
E05009857,E06000002
E05009858,E06000002
E05009859,E06000002
E05009860,E06000002
E05009861,E06000002
E05009862,E06000002
E05009863,E06000002
E05009864,E06000002
E05009865,E06000002
E05009866,E06000002
E05009867,E06000002
E05009868,E06000002
E05009869,E06000002
E05009870,E06000002
E05009871,E06000002
E05009872,E06000002
E05012437,E06000003
E05012438,E06000003
E05012439,E06000003
E05012440,E06000003
E05012441,E06000003
E05012442,E06000003
E05012443,E06000003
E05012444,E06000003
E05012445,E06000003
E05012446,E06000003
E05012447,E06000003
E05012448,E06000003
E05012449,E06000003
E05012450,E06000003
E05012451,E06000003
E05012453,E06000003
E05012454,E06000003
E05012455,E06000003
E05012456,E06000003
E05012452,E06000003
E05012457,E06000003
E05012458,E06000003
E05012459,E06000003
E05012460,E06000003
E05001527,E06000004
E05001528,E06000004
E05001529,E06000004
E05001530,E06000004
E05001531,E06000004
E05001532,E06000004
E05001533,E06000004
E05001534,E06000004
E05001535,E06000004
E05001536,E06000004
E05001537,E06000004
E05001538,E06000004
E05001539,E06000004
E05001540,E06000004
E05001541,E06000004
E05001542,E06000004
E05001543,E06000004
E05001544,E06000004
E05001545,E06000004
E05001546,E06000004
E05001547,E06000004
E05001548,E06000004
E05001549,E06000004
E05001550,E06000004
E05001551,E06000004
E05001552,E06000004
E05010412,E06000005
E05010413,E06000005
E05010414,E06000005
E05010415,E06000005
E05010416,E06000005
E05010417,E06000005
E05010418,E06000005
E05010419,E06000005
E05010420,E06000005
E05010421,E06000005
E05010422,E06000005
E05010423,E06000005
E05010424,E06000005
E05010425,E06000005
E05010426,E06000005
E05010427,E06000005
E05010428,E06000005
E05010429,E06000005
E05010430,E06000005
E05010431,E06000005
E05013169,E06000006
E05013170,E06000006
E05013171,E06000006
E05013172,E06000006
E05013173,E06000006
E05013174,E06000006
E05013175,E06000006
E05013176,E06000006
E05013177,E06000006
E05013178,E06000006
E05013179,E06000006
E05013180,E06000006
E05013181,E06000006
E05013182,E06000006
E05013183,E06000006
E05013184,E06000006
E05013185,E06000006
E05013186,E06000006
E05011024,E06000007
E05011025,E06000007
E05011026,E06000007
E05011027,E06000007
E05011028,E06000007
E05011029,E06000007
E05011030,E06000007
E05011031,E06000007
E05011032,E06000007
E05011033,E06000007
E05011034,E06000007
E05011035,E06000007
E05011036,E06000007
E05011037,E06000007
E05011038,E06000007
E05011039,E06000007
E05011040,E06000007
E05011041,E06000007
E05011042,E06000007
E05011043,E06000007
E05011044,E06000007
E05011045,E06000007
E05011508,E06000008
E05011509,E06000008
E05011510,E06000008
E05011511,E06000008
E05011512,E06000008
E05011513,E06000008
E05011514,E06000008
E05011515,E06000008
E05011516,E06000008
E05011517,E06000008
E05011518,E06000008
E05011519,E06000008
E05011520,E06000008
E05011521,E06000008
E05011522,E06000008
E05011523,E06000008
E05011524,E06000008
E05001643,E06000009
E05001644,E06000009
E05001645,E06000009
E05001646,E06000009
E05001647,E06000009
E05001648,E06000009
E05001649,E06000009
E05001650,E06000009
E05001651,E06000009
E05001652,E06000009
E05001653,E06000009
E05001654,E06000009
E05001655,E06000009
E05001656,E06000009
E05001657,E06000009
E05001658,E06000009
E05001659,E06000009
E05001660,E06000009
E05001661,E06000009
E05001662,E06000009
E05001663,E06000009
E05011525,E06000010
E05011526,E06000010
E05011527,E06000010
E05011528,E06000010
E05011529,E06000010
E05011530,E06000010
E05011531,E06000010
E05011532,E06000010
E05011533,E06000010
E05011534,E06000010
E05011535,E06000010
E05011536,E06000010
E05011537,E06000010
E05011538,E06000010
E05011539,E06000010
E05011540,E06000010
E05011542,E06000010
E05011541,E06000010
E05011543,E06000010
E05011544,E06000010
E05011545,E06000010
E05001687,E06000011
E05001688,E06000011
E05001689,E06000011
E05001690,E06000011
E05001691,E06000011
E05001692,E06000011
E05001693,E06000011
E05001694,E06000011
E05001695,E06000011
E05001696,E06000011
E05001697,E06000011
E05001698,E06000011
E05001699,E06000011
E05001700,E06000011
E05001701,E06000011
E05001702,E06000011
E05001703,E06000011
E05001704,E06000011
E05001706,E06000011
E05001707,E06000011
E05001708,E06000011
E05001709,E06000011
E05001705,E06000011
E05001710,E06000011
E05001711,E06000011
E05001712,E06000011
E05001713,E06000012
E05001714,E06000012
E05001715,E06000012
E05001716,E06000012
E05001717,E06000012
E05001718,E06000012
E05001719,E06000012
E05001720,E06000012
E05001721,E06000012
E05001722,E06000012
E05001723,E06000012
E05001724,E06000012
E05001725,E06000012
E05001726,E06000012
E05001727,E06000012
E05001728,E06000013
E05001729,E06000013
E05001730,E06000013
E05001731,E06000013
E05001732,E06000013
E05001733,E06000013
E05001734,E06000013
E05001735,E06000013
E05001736,E06000013
E05001737,E06000013
E05001738,E06000013
E05001739,E06000013
E05001740,E06000013
E05001741,E06000013
E05001742,E06000013
E05001743,E06000013
E05001744,E06000013
E05010311,E06000014
E05010312,E06000014
E05010313,E06000014
E05010314,E06000014
E05010315,E06000014
E05010316,E06000014
E05010317,E06000014
E05010318,E06000014
E05010319,E06000014
E05010320,E06000014
E05010321,E06000014
E05010322,E06000014
E05010323,E06000014
E05010324,E06000014
E05010325,E06000014
E05010326,E06000014
E05010327,E06000014
E05010328,E06000014
E05010329,E06000014
E05010330,E06000014
E05010331,E06000014
E05001767,E06000015
E05001768,E06000015
E05001769,E06000015
E05001770,E06000015
E05001771,E06000015
E05001772,E06000015
E05001773,E06000015
E05001774,E06000015
E05001775,E06000015
E05001776,E06000015
E05001777,E06000015
E05001778,E06000015
E05001779,E06000015
E05001780,E06000015
E05001781,E06000015
E05001782,E06000015
E05001783,E06000015
E05010458,E06000016
E05010459,E06000016
E05010460,E06000016
E05010461,E06000016
E05010462,E06000016
E05010463,E06000016
E05010464,E06000016
E05010465,E06000016
E05010466,E06000016
E05010467,E06000016
E05010468,E06000016
E05010469,E06000016
E05010470,E06000016
E05010471,E06000016
E05010472,E06000016
E05010473,E06000016
E05010474,E06000016
E05010475,E06000016
E05010476,E06000016
E05010477,E06000016
E05010478,E06000016
E05012632,E06000017
E05012633,E06000017
E05012634,E06000017
E05012635,E06000017
E05012636,E06000017
E05012637,E06000017
E05012638,E06000017
E05012639,E06000017
E05012640,E06000017
E05012641,E06000017
E05012642,E06000017
E05012643,E06000017
E05012644,E06000017
E05012645,E06000017
E05012646,E06000017
E05012270,E06000018
E05012271,E06000018
E05012272,E06000018
E05012273,E06000018
E05012274,E06000018
E05012275,E06000018
E05012276,E06000018
E05012277,E06000018
E05012278,E06000018
E05012279,E06000018
E05012280,E06000018
E05012281,E06000018
E05012282,E06000018
E05012283,E06000018
E05012284,E06000018
E05012285,E06000018
E05012286,E06000018
E05012288,E06000018
E05012287,E06000018
E05012289,E06000018
E05009438,E06000019
E05009439,E06000019
E05009440,E06000019
E05009441,E06000019
E05009442,E06000019
E05009443,E06000019
E05009444,E06000019
E05009445,E06000019
E05009446,E06000019
E05009447,E06000019
E05009448,E06000019
E05009449,E06000019
E05009450,E06000019
E05012957,E06000019
E05009452,E06000019
E05009453,E06000019
E05009454,E06000019
E05009455,E06000019
E05009456,E06000019
E05009457,E06000019
E05009458,E06000019
E05009459,E06000019
E05009460,E06000019
E05009461,E06000019
E05009462,E06000019
E05009463,E06000019
E05009464,E06000019
E05009465,E06000019
E05009466,E06000019
E05009467,E06000019
E05009468,E06000019
E05009469,E06000019
E05009470,E06000019
E05009471,E06000019
E05009472,E06000019
E05009473,E06000019
E05009474,E06000019
E05009475,E06000019
E05009476,E06000019
E05012958,E06000019
E05009478,E06000019
E05009479,E06000019
E05009480,E06000019
E05009481,E06000019
E05009482,E06000019
E05012959,E06000019
E05012960,E06000019
E05009485,E06000019
E05009486,E06000019
E05009487,E06000019
E05009488,E06000019
E05009489,E06000019
E05009490,E06000019
E05009966,E06000020
E05009967,E06000020
E05009968,E06000020
E05009969,E06000020
E05009970,E06000020
E05009971,E06000020
E05009972,E06000020
E05009973,E06000020
E05009974,E06000020
E05009975,E06000020
E05009976,E06000020
E05009977,E06000020
E05009978,E06000020
E05009979,E06000020
E05009980,E06000020
E05009981,E06000020
E05009982,E06000020
E05009983,E06000020
E05009984,E06000020
E05009985,E06000020
E05009986,E06000020
E05009987,E06000020
E05009988,E06000020
E05009989,E06000020
E05009991,E06000020
E05009990,E06000020
E05009992,E06000020
E05009993,E06000020
E05009994,E06000020
E05009995,E06000020
E05008714,E06000021
E05008715,E06000021
E05008716,E06000021
E05008717,E06000021
E05008718,E06000021
E05008719,E06000021
E05008720,E06000021
E05008721,E06000021
E05008722,E06000021
E05008723,E06000021
E05008724,E06000021
E05008725,E06000021
E05008726,E06000021
E05008727,E06000021
E05008728,E06000021
E05008729,E06000021
E05008730,E06000021
E05008731,E06000021
E05008732,E06000021
E05008733,E06000021
E05008734,E06000021
E05008735,E06000021
E05008736,E06000021
E05008737,E06000021
E05008738,E06000021
E05008739,E06000021
E05008740,E06000021
E05008741,E06000021
E05008742,E06000021
E05008743,E06000021
E05008744,E06000021
E05008745,E06000021
E05008746,E06000021
E05008747,E06000021
E05008748,E06000021
E05008749,E06000021
E05008750,E06000021
E05012461,E06000022
E05012462,E06000022
E05012463,E06000022
E05012464,E06000022
E05012465,E06000022
E05012466,E06000022
E05012467,E06000022
E05012468,E06000022
E05012469,E06000022
E05012470,E06000022
E05012471,E06000022
E05012472,E06000022
E05012473,E06000022
E05012474,E06000022
E05012475,E06000022
E05012476,E06000022
E05012477,E06000022
E05012478,E06000022
E05012479,E06000022
E05012480,E06000022
E05012481,E06000022
E05012482,E06000022
E05012483,E06000022
E05012484,E06000022
E05012485,E06000022
E05012486,E06000022
E05012487,E06000022
E05012488,E06000022
E05012489,E06000022
E05012490,E06000022
E05012491,E06000022
E05012492,E06000022
E05012493,E06000022
E05010885,E06000023
E05010886,E06000023
E05010887,E06000023
E05010888,E06000023
E05010889,E06000023
E05010890,E06000023
E05010891,E06000023
E05010892,E06000023
E05010893,E06000023
E05010894,E06000023
E05010895,E06000023
E05010896,E06000023
E05010897,E06000023
E05010898,E06000023
E05010899,E06000023
E05010900,E06000023
E05010901,E06000023
E05010902,E06000023
E05010903,E06000023
E05010904,E06000023
E05010905,E06000023
E05010906,E06000023
E05010907,E06000023
E05010908,E06000023
E05010909,E06000023
E05010913,E06000023
E05010914,E06000023
E05010910,E06000023
E05010911,E06000023
E05010912,E06000023
E05010915,E06000023
E05010916,E06000023
E05010917,E06000023
E05010918,E06000023
E05010276,E06000024
E05010277,E06000024
E05010278,E06000024
E05010279,E06000024
E05010280,E06000024
E05010281,E06000024
E05010282,E06000024
E05010283,E06000024
E05010284,E06000024
E05010285,E06000024
E05010286,E06000024
E05010287,E06000024
E05010288,E06000024
E05010289,E06000024
E05010290,E06000024
E05010291,E06000024
E05010292,E06000024
E05010293,E06000024
E05010294,E06000024
E05010295,E06000024
E05010296,E06000024
E05010298,E06000024
E05010299,E06000024
E05010300,E06000024
E05010301,E06000024
E05010302,E06000024
E05010303,E06000024
E05010297,E06000024
E05010304,E06000024
E05010305,E06000024
E05010306,E06000024
E05010307,E06000024
E05010308,E06000024
E05010309,E06000024
E05010310,E06000024
E05012104,E06000025
E05012105,E06000025
E05012106,E06000025
E05012107,E06000025
E05012108,E06000025
E05012109,E06000025
E05012110,E06000025
E05012111,E06000025
E05012112,E06000025
E05012113,E06000025
E05012114,E06000025
E05012115,E06000025
E05012116,E06000025
E05012117,E06000025
E05012118,E06000025
E05012119,E06000025
E05012120,E06000025
E05012121,E06000025
E05012122,E06000025
E05012123,E06000025
E05012124,E06000025
E05012125,E06000025
E05012126,E06000025
E05012127,E06000025
E05012128,E06000025
E05012129,E06000025
E05012130,E06000025
E05012131,E06000025
E05002078,E06000026
E05002079,E06000026
E05002080,E06000026
E05002081,E06000026
E05002082,E06000026
E05002083,E06000026
E05002084,E06000026
E05002085,E06000026
E05002086,E06000026
E05002087,E06000026
E05002088,E06000026
E05002089,E06000026
E05002090,E06000026
E05002091,E06000026
E05002092,E06000026
E05002095,E06000026
E05002093,E06000026
E05002094,E06000026
E05002096,E06000026
E05002097,E06000026
E05012254,E06000027
E05012255,E06000027
E05012256,E06000027
E05012257,E06000027
E05012258,E06000027
E05012259,E06000027
E05012260,E06000027
E05012261,E06000027
E05012262,E06000027
E05012263,E06000027
E05012264,E06000027
E05012267,E06000027
E05012265,E06000027
E05012266,E06000027
E05012268,E06000027
E05012269,E06000027
E05010755,E06000030
E05008954,E06000030
E05008955,E06000030
E05008956,E06000030
E05008957,E06000030
E05008958,E06000030
E05010756,E06000030
E05008960,E06000030
E05008961,E06000030
E05008962,E06000030
E05008963,E06000030
E05010757,E06000030
E05008965,E06000030
E05008966,E06000030
E05008967,E06000030
E05008970,E06000030
E05008968,E06000030
E05008969,E06000030
E05008971,E06000030
E05008972,E06000030
E05010805,E06000031
E05010806,E06000031
E05010807,E06000031
E05010808,E06000031
E05010809,E06000031
E05010810,E06000031
E05010811,E06000031
E05010812,E06000031
E05010813,E06000031
E05010814,E06000031
E05010815,E06000031
E05010816,E06000031
E05010817,E06000031
E05010818,E06000031
E05010819,E06000031
E05010820,E06000031
E05010821,E06000031
E05010822,E06000031
E05010823,E06000031
E05010824,E06000031
E05010825,E06000031
E05010826,E06000031
E05002193,E06000032
E05002194,E06000032
E05002195,E06000032
E05002196,E06000032
E05002197,E06000032
E05002198,E06000032
E05002199,E06000032
E05002200,E06000032
E05002201,E06000032
E05002202,E06000032
E05002203,E06000032
E05002204,E06000032
E05002205,E06000032
E05002206,E06000032
E05002207,E06000032
E05002208,E06000032
E05002209,E06000032
E05002210,E06000032
E05002211,E06000032
E05002212,E06000033
E05002213,E06000033
E05002214,E06000033
E05002215,E06000033
E05002216,E06000033
E05002217,E06000033
E05002218,E06000033
E05002219,E06000033
E05002222,E06000033
E05002223,E06000033
E05002220,E06000033
E05002221,E06000033
E05002224,E06000033
E05002225,E06000033
E05002227,E06000033
E05002228,E06000033
E05002226,E06000033
E05002229,E06000034
E05002230,E06000034
E05002231,E06000034
E05002232,E06000034
E05002233,E06000034
E05002234,E06000034
E05002235,E06000034
E05002236,E06000034
E05002237,E06000034
E05002238,E06000034
E05002239,E06000034
E05002240,E06000034
E05002241,E06000034
E05002242,E06000034
E05002243,E06000034
E05002244,E06000034
E05002245,E06000034
E05002246,E06000034
E05002247,E06000034
E05002248,E06000034
E05002249,E06000035
E05002250,E06000035
E05002251,E06000035
E05002252,E06000035
E05002253,E06000035
E05002254,E06000035
E05002255,E06000035
E05002256,E06000035
E05002257,E06000035
E05002258,E06000035
E05002259,E06000035
E05002260,E06000035
E05002261,E06000035
E05002262,E06000035
E05002263,E06000035
E05002264,E06000035
E05002265,E06000035
E05002266,E06000035
E05002267,E06000035
E05002268,E06000035
E05002269,E06000035
E05002270,E06000035
E05002271,E06000036
E05002272,E06000036
E05002273,E06000036
E05002274,E06000036
E05002275,E06000036
E05002276,E06000036
E05002277,E06000036
E05002278,E06000036
E05002279,E06000036
E05002280,E06000036
E05002281,E06000036
E05002282,E06000036
E05002283,E06000036
E05002284,E06000036
E05002285,E06000036
E05002286,E06000036
E05002287,E06000036
E05002288,E06000036
E05012132,E06000037
E05012133,E06000037
E05012134,E06000037
E05012135,E06000037
E05012136,E06000037
E05012137,E06000037
E05012138,E06000037
E05012139,E06000037
E05012140,E06000037
E05012141,E06000037
E05012142,E06000037
E05012143,E06000037
E05012144,E06000037
E05012145,E06000037
E05012146,E06000037
E05012147,E06000037
E05012148,E06000037
E05012149,E06000037
E05012150,E06000037
E05012151,E06000037
E05012152,E06000037
E05012153,E06000037
E05012154,E06000037
E05012155,E06000037
E05013864,E06000038
E05013865,E06000038
E05013866,E06000038
E05013867,E06000038
E05013868,E06000038
E05013869,E06000038
E05013870,E06000038
E05013871,E06000038
E05013872,E06000038
E05013873,E06000038
E05013874,E06000038
E05013875,E06000038
E05013876,E06000038
E05013877,E06000038
E05013878,E06000038
E05013879,E06000038
E05009337,E06000039
E05009338,E06000039
E05009339,E06000039
E05009340,E06000039
E05009341,E06000039
E05009342,E06000039
E05009343,E06000039
E05009344,E06000039
E05009345,E06000039
E05009346,E06000039
E05009347,E06000039
E05009348,E06000039
E05009349,E06000039
E05009350,E06000039
E05009351,E06000039
E05012494,E06000040
E05012495,E06000040
E05012496,E06000040
E05012497,E06000040
E05012498,E06000040
E05012499,E06000040
E05012500,E06000040
E05012501,E06000040
E05012502,E06000040
E05012503,E06000040
E05012504,E06000040
E05012505,E06000040
E05012506,E06000040
E05012507,E06000040
E05012508,E06000040
E05012509,E06000040
E05012510,E06000040
E05012511,E06000040
E05012512,E06000040
E05002372,E06000041
E05002373,E06000041
E05002374,E06000041
E05002375,E06000041
E05002376,E06000041
E05002377,E06000041
E05002378,E06000041
E05002379,E06000041
E05002380,E06000041
E05002381,E06000041
E05002382,E06000041
E05002383,E06000041
E05002384,E06000041
E05002385,E06000041
E05002386,E06000041
E05002387,E06000041
E05002388,E06000041
E05002389,E06000041
E05002390,E06000041
E05002391,E06000041
E05002392,E06000041
E05002393,E06000041
E05002394,E06000041
E05002395,E06000041
E05002396,E06000041
E05009406,E06000042
E05009407,E06000042
E05009408,E06000042
E05009409,E06000042
E05009410,E06000042
E05009411,E06000042
E05009412,E06000042
E05009413,E06000042
E05009414,E06000042
E05009415,E06000042
E05009416,E06000042
E05009417,E06000042
E05009418,E06000042
E05009419,E06000042
E05009420,E06000042
E05009421,E06000042
E05009422,E06000042
E05009423,E06000042
E05009424,E06000042
E05002420,E06000043
E05002421,E06000043
E05002422,E06000043
E05002423,E06000043
E05002424,E06000043
E05002425,E06000043
E05002426,E06000043
E05002436,E06000043
E05002427,E06000043
E05002428,E06000043
E05002429,E06000043
E05002430,E06000043
E05002431,E06000043
E05002432,E06000043
E05002433,E06000043
E05002435,E06000043
E05002434,E06000043
E05002437,E06000043
E05002438,E06000043
E05002439,E06000043
E05002440,E06000043
E05002441,E06000044
E05002442,E06000044
E05002443,E06000044
E05002444,E06000044
E05002445,E06000044
E05002446,E06000044
E05002447,E06000044
E05002448,E06000044
E05002449,E06000044
E05002450,E06000044
E05002451,E06000044
E05002452,E06000044
E05002453,E06000044
E05002454,E06000044
E05002455,E06000045
E05002456,E06000045
E05002457,E06000045
E05002458,E06000045
E05002459,E06000045
E05002460,E06000045
E05002461,E06000045
E05002462,E06000045
E05002463,E06000045
E05002464,E06000045
E05002465,E06000045
E05002466,E06000045
E05002467,E06000045
E05002468,E06000045
E05002469,E06000045
E05002470,E06000045
E05013359,E06000046
E05013360,E06000046
E05013361,E06000046
E05013362,E06000046
E05013363,E06000046
E05013364,E06000046
E05013365,E06000046
E05013366,E06000046
E05013367,E06000046
E05013368,E06000046
E05013369,E06000046
E05013370,E06000046
E05013371,E06000046
E05013372,E06000046
E05013373,E06000046
E05013374,E06000046
E05013375,E06000046
E05013376,E06000046
E05013377,E06000046
E05013378,E06000046
E05013379,E06000046
E05013380,E06000046
E05013381,E06000046
E05013382,E06000046
E05013383,E06000046
E05013384,E06000046
E05013385,E06000046
E05013386,E06000046
E05013387,E06000046
E05013388,E06000046
E05013389,E06000046
E05013390,E06000046
E05013391,E06000046
E05013392,E06000046
E05013393,E06000046
E05013394,E06000046
E05013395,E06000046
E05013396,E06000046
E05013397,E06000046
E05009030,E06000047
E05009031,E06000047
E05009032,E06000047
E05009033,E06000047
E05009034,E06000047
E05009035,E06000047
E05009036,E06000047
E05009037,E06000047
E05009038,E06000047
E05009039,E06000047
E05009040,E06000047
E05009041,E06000047
E05009042,E06000047
E05009043,E06000047
E05009044,E06000047
E05009045,E06000047
E05009046,E06000047
E05009047,E06000047
E05009048,E06000047
E05009049,E06000047
E05009050,E06000047
E05009051,E06000047
E05009052,E06000047
E05009053,E06000047
E05009054,E06000047
E05009055,E06000047
E05009056,E06000047
E05009057,E06000047
E05009058,E06000047
E05009059,E06000047
E05009060,E06000047
E05009061,E06000047
E05009062,E06000047
E05009063,E06000047
E05009064,E06000047
E05009065,E06000047
E05009066,E06000047
E05009067,E06000047
E05009068,E06000047
E05009069,E06000047
E05009070,E06000047
E05009071,E06000047
E05009072,E06000047
E05009073,E06000047
E05009074,E06000047
E05009075,E06000047
E05009076,E06000047
E05009077,E06000047
E05009078,E06000047
E05009079,E06000047
E05009080,E06000047
E05009081,E06000047
E05009082,E06000047
E05009083,E06000047
E05009084,E06000047
E05009085,E06000047
E05009086,E06000047
E05009087,E06000047
E05009088,E06000047
E05009089,E06000047
E05009090,E06000047
E05009091,E06000047
E05009092,E06000047
E05008610,E06000049
E05008611,E06000049
E05008612,E06000049
E05008613,E06000049
E05008614,E06000049
E05008615,E06000049
E05008616,E06000049
E05008617,E06000049
E05008618,E06000049
E05008619,E06000049
E05008620,E06000049
E05008621,E06000049
E05008622,E06000049
E05008624,E06000049
E05008623,E06000049
E05008625,E06000049
E05008626,E06000049
E05008627,E06000049
E05008628,E06000049
E05008629,E06000049
E05008630,E06000049
E05008631,E06000049
E05008632,E06000049
E05008633,E06000049
E05008634,E06000049
E05008635,E06000049
E05008636,E06000049
E05008637,E06000049
E05008638,E06000049
E05008639,E06000049
E05008640,E06000049
E05008641,E06000049
E05008642,E06000049
E05008643,E06000049
E05008644,E06000049
E05008645,E06000049
E05008646,E06000049
E05008647,E06000049
E05008648,E06000049
E05008649,E06000049
E05008650,E06000049
E05008651,E06000049
E05008652,E06000049
E05008653,E06000049
E05008654,E06000049
E05008655,E06000049
E05008656,E06000049
E05008657,E06000049
E05008658,E06000049
E05008659,E06000049
E05008660,E06000049
E05008661,E06000049
E05012209,E06000050
E05012210,E06000050
E05012211,E06000050
E05012212,E06000050
E05012213,E06000050
E05012214,E06000050
E05012215,E06000050
E05012216,E06000050
E05012217,E06000050
E05012218,E06000050
E05012219,E06000050
E05012220,E06000050
E05012221,E06000050
E05012222,E06000050
E05012223,E06000050
E05012224,E06000050
E05012225,E06000050
E05012226,E06000050
E05012227,E06000050
E05012228,E06000050
E05012229,E06000050
E05012230,E06000050
E05012231,E06000050
E05012232,E06000050
E05012233,E06000050
E05012234,E06000050
E05012235,E06000050
E05012236,E06000050
E05012237,E06000050
E05012238,E06000050
E05012239,E06000050
E05012240,E06000050
E05012241,E06000050
E05012242,E06000050
E05012243,E06000050
E05012244,E06000050
E05012245,E06000050
E05012246,E06000050
E05012247,E06000050
E05012248,E06000050
E05012249,E06000050
E05012250,E06000050
E05012251,E06000050
E05012252,E06000050
E05012253,E06000050
E05008136,E06000051
E05008137,E06000051
E05008138,E06000051
E05008139,E06000051
E05008140,E06000051
E05008141,E06000051
E05008142,E06000051
E05008143,E06000051
E05008144,E06000051
E05008145,E06000051
E05008146,E06000051
E05008147,E06000051
E05008148,E06000051
E05008149,E06000051
E05008150,E06000051
E05008151,E06000051
E05008152,E06000051
E05008153,E06000051
E05008154,E06000051
E05008155,E06000051
E05008156,E06000051
E05008157,E06000051
E05008158,E06000051
E05008159,E06000051
E05009281,E06000051
E05008160,E06000051
E05008161,E06000051
E05008162,E06000051
E05008163,E06000051
E05008164,E06000051
E05008165,E06000051
E05008166,E06000051
E05008167,E06000051
E05008168,E06000051
E05008169,E06000051
E05008170,E06000051
E05008171,E06000051
E05008173,E06000051
E05008174,E06000051
E05009282,E06000051
E05009283,E06000051
E05009284,E06000051
E05008178,E06000051
E05008179,E06000051
E05008180,E06000051
E05008181,E06000051
E05008172,E06000051
E05009285,E06000051
E05008186,E06000051
E05008187,E06000051
E05008188,E06000051
E05008189,E06000051
E05008183,E06000051
E05009286,E06000051
E05008190,E06000051
E05008191,E06000051
E05008192,E06000051
E05008193,E06000051
E05008194,E06000051
E05008195,E06000051
E05008196,E06000051
E05009287,E06000051
E05008198,E06000051
E05013837,E06000052
E05013273,E06000052
E05013274,E06000052
E05013275,E06000052
E05013276,E06000052
E05013277,E06000052
E05013278,E06000052
E05013279,E06000052
E05013280,E06000052
E05013281,E06000052
E05013282,E06000052
E05013838,E06000052
E05013284,E06000052
E05013839,E06000052
E05013286,E06000052
E05013840,E06000052
E05013288,E06000052
E05013289,E06000052
E05013290,E06000052
E05013291,E06000052
E05013292,E06000052
E05013293,E06000052
E05013841,E06000052
E05013295,E06000052
E05013842,E06000052
E05013297,E06000052
E05013298,E06000052
E05013843,E06000052
E05013844,E06000052
E05013301,E06000052
E05013302,E06000052
E05013303,E06000052
E05013845,E06000052
E05013305,E06000052
E05013306,E06000052
E05013307,E06000052
E05013308,E06000052
E05013309,E06000052
E05013846,E06000052
E05013311,E06000052
E05013312,E06000052
E05013313,E06000052
E05013314,E06000052
E05013315,E06000052
E05013847,E06000052
E05013317,E06000052
E05013848,E06000052
E05013319,E06000052
E05013320,E06000052
E05013321,E06000052
E05013849,E06000052
E05013323,E06000052
E05013324,E06000052
E05013325,E06000052
E05013850,E06000052
E05013327,E06000052
E05013851,E06000052
E05013329,E06000052
E05013330,E06000052
E05013331,E06000052
E05013348,E06000052
E05013349,E06000052
E05013350,E06000052
E05013852,E06000052
E05013853,E06000052
E05013854,E06000052
E05013836,E06000052
E05013336,E06000052
E05013337,E06000052
E05013338,E06000052
E05013855,E06000052
E05013856,E06000052
E05013341,E06000052
E05013857,E06000052
E05013858,E06000052
E05013859,E06000052
E05013860,E06000052
E05013346,E06000052
E05013347,E06000052
E05013351,E06000052
E05013861,E06000052
E05013353,E06000052
E05013354,E06000052
E05013355,E06000052
E05013356,E06000052
E05013357,E06000052
E05013358,E06000052
E05011090,E06000053
E05011091,E06000053
E05011092,E06000053
E05011093,E06000053
E05011094,E06000053
E05013398,E06000054
E05013399,E06000054
E05013400,E06000054
E05013401,E06000054
E05013402,E06000054
E05013403,E06000054
E05013832,E06000054
E05013405,E06000054
E05013406,E06000054
E05013407,E06000054
E05013408,E06000054
E05013409,E06000054
E05013410,E06000054
E05013411,E06000054
E05013412,E06000054
E05013413,E06000054
E05013414,E06000054
E05013415,E06000054
E05013416,E06000054
E05013417,E06000054
E05013418,E06000054
E05013419,E06000054
E05013420,E06000054
E05013421,E06000054
E05013422,E06000054
E05013423,E06000054
E05013424,E06000054
E05013425,E06000054
E05013426,E06000054
E05013427,E06000054
E05013428,E06000054
E05013429,E06000054
E05013430,E06000054
E05013431,E06000054
E05013432,E06000054
E05013433,E06000054
E05013434,E06000054
E05013435,E06000054
E05013436,E06000054
E05013437,E06000054
E05013438,E06000054
E05013439,E06000054
E05013440,E06000054
E05013441,E06000054
E05013442,E06000054
E05013443,E06000054
E05013444,E06000054
E05013833,E06000054
E05013446,E06000054
E05013447,E06000054
E05013448,E06000054
E05013449,E06000054
E05013450,E06000054
E05013451,E06000054
E05013452,E06000054
E05013453,E06000054
E05013834,E06000054
E05013455,E06000054
E05013835,E06000054
E05013457,E06000054
E05013458,E06000054
E05013459,E06000054
E05013460,E06000054
E05013461,E06000054
E05013462,E06000054
E05013463,E06000054
E05013464,E06000054
E05013465,E06000054
E05013466,E06000054
E05013467,E06000054
E05013468,E06000054
E05013469,E06000054
E05013470,E06000054
E05013471,E06000054
E05013472,E06000054
E05013473,E06000054
E05013474,E06000054
E05013475,E06000054
E05013476,E06000054
E05013477,E06000054
E05013478,E06000054
E05013479,E06000054
E05013480,E06000054
E05013481,E06000054
E05013482,E06000054
E05013483,E06000054
E05013484,E06000054
E05013485,E06000054
E05013486,E06000054
E05013487,E06000054
E05013488,E06000054
E05013489,E06000054
E05013490,E06000054
E05013491,E06000054
E05013492,E06000054
E05013493,E06000054
E05013494,E06000054
E05013495,E06000054
E05008751,E06000055
E05008752,E06000055
E05008753,E06000055
E05008754,E06000055
E05008755,E06000055
E05008756,E06000055
E05008757,E06000055
E05008758,E06000055
E05008759,E06000055
E05008760,E06000055
E05008761,E06000055
E05008762,E06000055
E05008763,E06000055
E05008764,E06000055
E05008765,E06000055
E05008766,E06000055
E05008767,E06000055
E05008768,E06000055
E05008769,E06000055
E05008770,E06000055
E05008771,E06000055
E05008772,E06000055
E05008773,E06000055
E05008774,E06000055
E05008775,E06000055
E05008776,E06000055
E05008777,E06000055
E05012843,E06000056
E05008779,E06000056
E05008780,E06000056
E05008781,E06000056
E05008782,E06000056
E05008783,E06000056
E05012844,E06000056
E05008785,E06000056
E05008786,E06000056
E05008787,E06000056
E05012845,E06000056
E05012846,E06000056
E05008790,E06000056
E05008791,E06000056
E05008792,E06000056
E05008793,E06000056
E05012847,E06000056
E05012848,E06000056
E05008796,E06000056
E05008797,E06000056
E05008798,E06000056
E05012849,E06000056
E05008800,E06000056
E05008801,E06000056
E05012850,E06000056
E05008803,E06000056
E05008804,E06000056
E05008805,E06000056
E05008806,E06000056
E05008807,E06000056
E05008808,E06000056
E05009093,E06000057
E05009094,E06000057
E05009095,E06000057
E05009096,E06000057
E05009097,E06000057
E05009098,E06000057
E05009099,E06000057
E05009100,E06000057
E05009101,E06000057
E05009102,E06000057
E05009103,E06000057
E05009104,E06000057
E05013862,E06000057
E05009106,E06000057
E05009107,E06000057
E05009108,E06000057
E05009109,E06000057
E05009110,E06000057
E05009111,E06000057
E05009112,E06000057
E05009113,E06000057
E05009114,E06000057
E05009115,E06000057
E05009116,E06000057
E05009117,E06000057
E05009118,E06000057
E05009119,E06000057
E05009120,E06000057
E05009121,E06000057
E05009122,E06000057
E05009123,E06000057
E05009124,E06000057
E05009125,E06000057
E05009126,E06000057
E05009127,E06000057
E05009128,E06000057
E05009129,E06000057
E05009130,E06000057
E05009131,E06000057
E05009132,E06000057
E05009133,E06000057
E05009134,E06000057
E05009135,E06000057
E05009136,E06000057
E05009137,E06000057
E05013270,E06000057
E05009139,E06000057
E05013863,E06000057
E05009141,E06000057
E05009142,E06000057
E05009143,E06000057
E05009144,E06000057
E05009145,E06000057
E05009146,E06000057
E05009147,E06000057
E05009148,E06000057
E05009149,E06000057
E05013271,E06000057
E05009151,E06000057
E05009152,E06000057
E05009153,E06000057
E05009154,E06000057
E05009155,E06000057
E05009156,E06000057
E05009157,E06000057
E05009158,E06000057
E05012649,E06000058
E05012650,E06000058
E05012651,E06000058
E05012652,E06000058
E05012653,E06000058
E05012654,E06000058
E05012655,E06000058
E05012656,E06000058
E05012657,E06000058
E05012658,E06000058
E05012659,E06000058
E05012660,E06000058
E05012661,E06000058
E05012662,E06000058
E05012663,E06000058
E05012664,E06000058
E05012665,E06000058
E05012666,E06000058
E05012667,E06000058
E05012668,E06000058
E05012669,E06000058
E05012670,E06000058
E05012671,E06000058
E05012672,E06000058
E05012673,E06000058
E05012674,E06000058
E05012675,E06000058
E05012676,E06000058
E05012677,E06000058
E05012678,E06000058
E05012679,E06000058
E05012680,E06000058
E05012681,E06000058
E05012682,E06000059
E05012683,E06000059
E05012684,E06000059
E05012685,E06000059
E05012686,E06000059
E05012687,E06000059
E05012688,E06000059
E05012689,E06000059
E05012690,E06000059
E05012691,E06000059
E05012692,E06000059
E05012693,E06000059
E05012694,E06000059
E05012695,E06000059
E05012696,E06000059
E05012697,E06000059
E05012698,E06000059
E05012699,E06000059
E05012700,E06000059
E05012701,E06000059
E05012702,E06000059
E05012703,E06000059
E05012704,E06000059
E05012705,E06000059
E05012706,E06000059
E05012707,E06000059
E05012708,E06000059
E05012709,E06000059
E05012710,E06000059
E05012711,E06000059
E05012712,E06000059
E05012714,E06000059
E05012715,E06000059
E05012716,E06000059
E05012717,E06000059
E05012718,E06000059
E05012713,E06000059
E05012719,E06000059
E05012720,E06000059
E05012721,E06000059
E05012722,E06000059
E05012723,E06000059
E05012724,E06000059
E05012725,E06000059
E05012726,E06000059
E05012727,E06000059
E05012728,E06000059
E05012729,E06000059
E05012730,E06000059
E05012731,E06000059
E05012732,E06000059
E05012733,E06000059
E05013120,E06000060
E05013121,E06000060
E05013122,E06000060
E05013123,E06000060
E05013124,E06000060
E05013125,E06000060
E05013126,E06000060
E05013127,E06000060
E05013128,E06000060
E05013129,E06000060
E05013130,E06000060
E05013131,E06000060
E05013132,E06000060
E05013133,E06000060
E05013134,E06000060
E05013135,E06000060
E05013136,E06000060
E05013137,E06000060
E05013138,E06000060
E05013139,E06000060
E05013140,E06000060
E05013141,E06000060
E05013142,E06000060
E05013143,E06000060
E05013144,E06000060
E05013145,E06000060
E05013146,E06000060
E05013147,E06000060
E05013148,E06000060
E05013149,E06000060
E05013150,E06000060
E05013151,E06000060
E05013152,E06000060
E05013153,E06000060
E05013154,E06000060
E05013155,E06000060
E05013156,E06000060
E05013157,E06000060
E05013158,E06000060
E05013159,E06000060
E05013160,E06000060
E05013161,E06000060
E05013162,E06000060
E05013163,E06000060
E05013164,E06000060
E05013165,E06000060
E05013166,E06000060
E05013167,E06000060
E05013168,E06000060
E05013213,E06000061
E05013214,E06000061
E05013215,E06000061
E05013216,E06000061
E05013217,E06000061
E05013218,E06000061
E05013219,E06000061
E05013220,E06000061
E05013221,E06000061
E05013222,E06000061
E05013223,E06000061
E05013224,E06000061
E05013225,E06000061
E05013226,E06000061
E05013227,E06000061
E05013228,E06000061
E05013229,E06000061
E05013230,E06000061
E05013231,E06000061
E05013232,E06000061
E05013233,E06000061
E05013234,E06000061
E05013235,E06000061
E05013236,E06000061
E05013237,E06000061
E05013238,E06000061
E05013239,E06000062
E05013240,E06000062
E05013241,E06000062
E05013242,E06000062
E05013243,E06000062
E05013244,E06000062
E05013245,E06000062
E05013246,E06000062
E05013247,E06000062
E05013248,E06000062
E05013249,E06000062
E05013250,E06000062
E05013251,E06000062
E05013252,E06000062
E05013253,E06000062
E05013254,E06000062
E05013255,E06000062
E05013256,E06000062
E05013257,E06000062
E05013258,E06000062
E05013259,E06000062
E05013260,E06000062
E05013261,E06000062
E05013262,E06000062
E05013263,E06000062
E05013265,E06000062
E05013266,E06000062
E05013264,E06000062
E05013267,E06000062
E05013268,E06000062
E05013269,E06000062
E05014171,E06000063
E05014172,E06000063
E05014173,E06000063
E05014174,E06000063
E05014175,E06000063
E05014176,E06000063
E05014177,E06000063
E05014178,E06000063
E05014179,E06000063
E05014180,E06000063
E05014181,E06000063
E05014182,E06000063
E05014183,E06000063
E05014184,E06000063
E05014185,E06000063
E05014186,E06000063
E05014187,E06000063
E05014188,E06000063
E05014189,E06000063
E05014190,E06000063
E05014191,E06000063
E05014192,E06000063
E05014193,E06000063
E05014194,E06000063
E05014195,E06000063
E05014196,E06000063
E05014197,E06000063
E05014198,E06000063
E05014199,E06000063
E05014200,E06000063
E05014201,E06000063
E05014202,E06000063
E05014203,E06000063
E05014204,E06000063
E05014205,E06000063
E05014206,E06000063
E05014209,E06000063
E05014210,E06000063
E05014207,E06000063
E05014208,E06000063
E05014211,E06000063
E05014212,E06000063
E05014213,E06000063
E05014214,E06000063
E05014215,E06000063
E05014216,E06000063
E05014217,E06000064
E05014218,E06000064
E05014219,E06000064
E05014220,E06000064
E05014221,E06000064
E05014222,E06000064
E05014223,E06000064
E05014224,E06000064
E05014225,E06000064
E05014226,E06000064
E05014227,E06000064
E05014228,E06000064
E05014229,E06000064
E05014230,E06000064
E05014231,E06000064
E05014232,E06000064
E05014233,E06000064
E05014234,E06000064
E05014235,E06000064
E05014236,E06000064
E05014237,E06000064
E05014238,E06000064
E05014239,E06000064
E05014240,E06000064
E05014241,E06000064
E05014242,E06000064
E05014243,E06000064
E05014244,E06000064
E05014245,E06000064
E05014246,E06000064
E05014247,E06000064
E05014248,E06000064
E05014249,E06000064
E05014250,E06000065
E05014251,E06000065
E05014252,E06000065
E05014253,E06000065
E05014254,E06000065
E05014255,E06000065
E05014256,E06000065
E05014258,E06000065
E05014257,E06000065
E05014259,E06000065
E05014260,E06000065
E05014261,E06000065
E05014262,E06000065
E05014263,E06000065
E05014264,E06000065
E05014265,E06000065
E05014266,E06000065
E05014267,E06000065
E05014268,E06000065
E05014269,E06000065
E05014270,E06000065
E05014271,E06000065
E05014272,E06000065
E05014273,E06000065
E05014274,E06000065
E05014275,E06000065
E05014277,E06000065
E05014276,E06000065
E05014278,E06000065
E05014281,E06000065
E05014279,E06000065
E05014282,E06000065
E05014280,E06000065
E05014283,E06000065
E05014284,E06000065
E05014285,E06000065
E05014286,E06000065
E05014287,E06000065
E05014288,E06000065
E05014289,E06000065
E05014290,E06000065
E05014291,E06000065
E05014292,E06000065
E05014294,E06000065
E05014293,E06000065
E05014295,E06000065
E05014296,E06000065
E05014297,E06000065
E05014298,E06000065
E05014299,E06000065
E05014301,E06000065
E05014300,E06000065
E05014302,E06000065
E05014303,E06000065
E05014304,E06000065
E05014305,E06000065
E05014306,E06000065
E05014307,E06000065
E05014308,E06000065
E05014309,E06000065
E05014310,E06000065
E05014311,E06000065
E05014312,E06000065
E05014313,E06000065
E05014314,E06000065
E05014315,E06000065
E05014316,E06000065
E05014317,E06000065
E05014318,E06000065
E05014319,E06000065
E05014320,E06000065
E05014321,E06000065
E05014322,E06000065
E05014323,E06000065
E05014325,E06000065
E05014324,E06000065
E05014326,E06000065
E05014327,E06000065
E05014328,E06000065
E05014329,E06000065
E05014330,E06000065
E05014331,E06000065
E05014332,E06000065
E05014333,E06000065
E05014334,E06000065
E05014335,E06000065
E05014336,E06000065
E05014337,E06000065
E05014338,E06000065
E05014339,E06000066
E05014340,E06000066
E05014341,E06000066
E05014342,E06000066
E05014343,E06000066
E05014344,E06000066
E05014345,E06000066
E05014346,E06000066
E05014347,E06000066
E05014348,E06000066
E05014349,E06000066
E05014350,E06000066
E05014351,E06000066
E05014352,E06000066
E05014353,E06000066
E05014354,E06000066
E05014355,E06000066
E05014356,E06000066
E05014357,E06000066
E05014358,E06000066
E05014359,E06000066
E05014360,E06000066
E05014361,E06000066
E05014362,E06000066
E05014363,E06000066
E05014364,E06000066
E05014365,E06000066
E05014366,E06000066
E05014367,E06000066
E05014368,E06000066
E05014369,E06000066
E05014370,E06000066
E05014371,E06000066
E05014372,E06000066
E05014373,E06000066
E05014374,E06000066
E05014375,E06000066
E05014376,E06000066
E05014377,E06000066
E05014378,E06000066
E05014379,E06000066
E05014380,E06000066
E05014381,E06000066
E05014382,E06000066
E05014383,E06000066
E05014384,E06000066
E05014385,E06000066
E05014386,E06000066
E05014387,E06000066
E05014388,E06000066
E05014389,E06000066
E05014390,E06000066
E05014391,E06000066
E05014392,E06000066
E05014393,E06000066
E05013050,E07000008
E05013051,E07000008
E05013052,E07000008
E05013053,E07000008
E05013054,E07000008
E05013055,E07000008
E05013056,E07000008
E05013057,E07000008
E05013058,E07000008
E05013059,E07000008
E05013060,E07000008
E05013061,E07000008
E05013062,E07000008
E05013063,E07000008
E05011560,E07000009
E05011561,E07000009
E05011562,E07000009
E05011563,E07000009
E05011564,E07000009
E05011565,E07000009
E05011566,E07000009
E05011567,E07000009
E05011568,E07000009
E05011569,E07000009
E05011570,E07000009
E05011571,E07000009
E05011572,E07000009
E05011573,E07000009
E05009491,E07000010
E05009492,E07000010
E05009493,E07000010
E05009494,E07000010
E05009495,E07000010
E05009496,E07000010
E05009497,E07000010
E05009498,E07000010
E05009499,E07000010
E05009500,E07000010
E05009501,E07000010
E05009502,E07000010
E05009503,E07000010
E05009504,E07000010
E05009505,E07000010
E05009506,E07000010
E05009507,E07000010
E05009509,E07000010
E05009508,E07000010
E05009510,E07000010
E05009511,E07000010
E05009512,E07000010
E05009513,E07000010
E05009514,E07000010
E05011256,E07000011
E05011257,E07000011
E05011258,E07000011
E05011259,E07000011
E05011260,E07000011
E05011261,E07000011
E05011262,E07000011
E05011263,E07000011
E05011264,E07000011
E05011265,E07000011
E05011266,E07000011
E05011267,E07000011
E05011268,E07000011
E05011276,E07000011
E05011277,E07000011
E05011269,E07000011
E05011270,E07000011
E05011271,E07000011
E05011272,E07000011
E05011273,E07000011
E05011274,E07000011
E05011275,E07000011
E05011278,E07000011
E05011279,E07000011
E05011280,E07000011
E05011281,E07000011
E05011282,E07000012
E05011283,E07000012
E05011284,E07000012
E05011285,E07000012
E05011286,E07000012
E05014031,E07000012
E05014032,E07000012
E05011289,E07000012
E05014169,E07000012
E05011291,E07000012
E05011292,E07000012
E05011293,E07000012
E05011294,E07000012
E05011295,E07000012
E05011296,E07000012
E05011297,E07000012
E05011298,E07000012
E05013880,E07000012
E05011300,E07000012
E05011301,E07000012
E05013881,E07000012
E05014170,E07000012
E05011304,E07000012
E05011305,E07000012
E05011306,E07000012
E05011307,E07000012
E05003280,E07000032
E05003281,E07000032
E05003282,E07000032
E05003283,E07000032
E05003284,E07000032
E05008520,E07000032
E05003286,E07000032
E05003287,E07000032
E05008521,E07000032
E05003289,E07000032
E05008522,E07000032
E05003292,E07000032
E05003290,E07000032
E05003293,E07000032
E05008523,E07000032
E05003295,E07000032
E05003296,E07000032
E05003297,E07000032
E05008524,E07000032
E05003299,E07000032
E05003300,E07000032
E05003301,E07000032
E05003302,E07000032
E05011983,E07000033
E05011984,E07000033
E05011985,E07000033
E05011986,E07000033
E05011987,E07000033
E05011988,E07000033
E05011989,E07000033
E05011990,E07000033
E05011991,E07000033
E05011992,E07000033
E05011993,E07000033
E05011994,E07000033
E05011995,E07000033
E05011996,E07000033
E05011997,E07000033
E05011998,E07000033
E05011999,E07000033
E05003323,E07000034
E05003324,E07000034
E05003325,E07000034
E05003326,E07000034
E05003327,E07000034
E05003328,E07000034
E05003329,E07000034
E05003330,E07000034
E05003331,E07000034
E05003332,E07000034
E05003333,E07000034
E05003334,E07000034
E05003335,E07000034
E05003336,E07000034
E05003337,E07000034
E05003338,E07000034
E05003339,E07000034
E05003340,E07000034
E05003341,E07000034
E05003342,E07000035
E05003343,E07000035
E05003344,E07000035
E05003345,E07000035
E05003346,E07000035
E05003347,E07000035
E05003348,E07000035
E05003349,E07000035
E05003350,E07000035
E05003351,E07000035
E05003352,E07000035
E05003353,E07000035
E05003354,E07000035
E05003355,E07000035
E05003356,E07000035
E05003357,E07000035
E05003358,E07000035
E05003359,E07000035
E05003360,E07000035
E05003361,E07000035
E05003362,E07000035
E05003363,E07000035
E05003364,E07000035
E05003365,E07000035
E05003366,E07000035
E05010604,E07000036
E05010605,E07000036
E05010606,E07000036
E05010607,E07000036
E05010608,E07000036
E05010609,E07000036
E05010610,E07000036
E05010611,E07000036
E05010612,E07000036
E05010613,E07000036
E05010614,E07000036
E05010615,E07000036
E05010616,E07000036
E05010617,E07000036
E05010618,E07000036
E05010619,E07000036
E05010620,E07000036
E05010621,E07000036
E05010622,E07000036
E05010623,E07000037
E05010624,E07000037
E05010625,E07000037
E05010626,E07000037
E05010627,E07000037
E05010628,E07000037
E05010629,E07000037
E05010630,E07000037
E05010631,E07000037
E05010632,E07000037
E05010633,E07000037
E05010634,E07000037
E05010635,E07000037
E05010636,E07000037
E05010637,E07000037
E05010638,E07000037
E05010639,E07000037
E05010640,E07000037
E05010641,E07000037
E05010642,E07000037
E05010644,E07000037
E05010645,E07000037
E05010643,E07000037
E05010646,E07000037
E05010647,E07000037
E05010648,E07000037
E05010649,E07000037
E05010650,E07000037
E05012040,E07000038
E05012041,E07000038
E05012042,E07000038
E05012043,E07000038
E05012044,E07000038
E05012045,E07000038
E05012046,E07000038
E05012047,E07000038
E05012048,E07000038
E05012049,E07000038
E05012050,E07000038
E05012051,E07000038
E05012052,E07000038
E05012053,E07000038
E05012054,E07000038
E05012055,E07000038
E05012056,E07000038
E05012057,E07000038
E05012058,E07000038
E05012059,E07000038
E05012060,E07000038
E05012061,E07000038
E05012062,E07000038
E05012063,E07000038
E05008809,E07000039
E05008810,E07000039
E05008811,E07000039
E05008812,E07000039
E05008813,E07000039
E05008814,E07000039
E05008815,E07000039
E05008816,E07000039
E05008817,E07000039
E05008818,E07000039
E05008819,E07000039
E05008820,E07000039
E05008821,E07000039
E05008822,E07000039
E05008823,E07000039
E05011782,E07000040
E05011783,E07000040
E05011784,E07000040
E05011785,E07000040
E05011786,E07000040
E05011787,E07000040
E05011788,E07000040
E05011789,E07000040
E05011790,E07000040
E05011791,E07000040
E05011792,E07000040
E05011793,E07000040
E05011794,E07000040
E05011795,E07000040
E05011796,E07000040
E05011797,E07000040
E05011798,E07000040
E05011799,E07000040
E05011800,E07000040
E05011801,E07000040
E05011802,E07000040
E05011803,E07000040
E05011804,E07000040
E05011805,E07000040
E05011806,E07000040
E05011807,E07000040
E05011808,E07000040
E05011809,E07000040
E05011810,E07000040
E05011811,E07000040
E05011011,E07000041
E05011012,E07000041
E05011013,E07000041
E05011014,E07000041
E05011015,E07000041
E05011016,E07000041
E05011017,E07000041
E05011018,E07000041
E05011019,E07000041
E05011020,E07000041
E05011021,E07000041
E05011022,E07000041
E05011023,E07000041
E05008546,E07000042
E05003510,E07000042
E05003511,E07000042
E05003512,E07000042
E05003513,E07000042
E05003514,E07000042
E05003515,E07000042
E05003516,E07000042
E05003517,E07000042
E05003518,E07000042
E05003519,E07000042
E05003520,E07000042
E05003521,E07000042
E05003522,E07000042
E05008547,E07000042
E05003524,E07000042
E05003525,E07000042
E05003526,E07000042
E05003527,E07000042
E05003528,E07000042
E05003529,E07000042
E05003530,E07000042
E05003531,E07000042
E05008548,E07000042
E05012412,E07000043
E05012413,E07000043
E05012414,E07000043
E05012415,E07000043
E05012416,E07000043
E05012417,E07000043
E05012418,E07000043
E05012419,E07000043
E05012420,E07000043
E05012421,E07000043
E05012422,E07000043
E05012423,E07000043
E05012424,E07000043
E05012425,E07000043
E05012426,E07000043
E05012427,E07000043
E05012428,E07000043
E05012429,E07000043
E05012430,E07000043
E05012431,E07000043
E05012432,E07000043
E05012433,E07000043
E05012434,E07000043
E05012435,E07000043
E05012436,E07000043
E05010128,E07000044
E05010129,E07000044
E05010130,E07000044
E05010131,E07000044
E05010132,E07000044
E05010133,E07000044
E05010134,E07000044
E05010135,E07000044
E05010136,E07000044
E05010137,E07000044
E05010138,E07000044
E05010139,E07000044
E05010140,E07000044
E05010141,E07000044
E05010142,E07000044
E05010143,E07000044
E05010144,E07000044
E05010145,E07000044
E05010146,E07000044
E05010147,E07000044
E05011892,E07000045
E05011893,E07000045
E05011894,E07000045
E05011895,E07000045
E05011896,E07000045
E05011897,E07000045
E05011898,E07000045
E05011899,E07000045
E05011900,E07000045
E05011901,E07000045
E05011902,E07000045
E05011903,E07000045
E05011904,E07000045
E05011905,E07000045
E05011906,E07000045
E05011907,E07000045
E05011908,E07000045
E05011909,E07000045
E05011910,E07000045
E05011911,E07000045
E05011912,E07000045
E05011913,E07000045
E05011914,E07000045
E05011915,E07000045
E05011916,E07000046
E05011917,E07000046
E05011918,E07000046
E05011919,E07000046
E05011920,E07000046
E05011921,E07000046
E05011922,E07000046
E05011923,E07000046
E05011924,E07000046
E05011925,E07000046
E05011926,E07000046
E05011927,E07000046
E05011928,E07000046
E05011929,E07000046
E05011930,E07000046
E05011931,E07000046
E05010550,E07000047
E05010551,E07000047
E05010552,E07000047
E05010553,E07000047
E05010554,E07000047
E05010555,E07000047
E05010556,E07000047
E05010557,E07000047
E05010558,E07000047
E05010559,E07000047
E05010560,E07000047
E05010561,E07000047
E05010562,E07000047
E05010563,E07000047
E05010564,E07000047
E05010565,E07000047
E05010566,E07000047
E05010567,E07000047
E05011574,E07000061
E05011575,E07000061
E05011576,E07000061
E05011577,E07000061
E05011578,E07000061
E05011579,E07000061
E05011581,E07000061
E05011580,E07000061
E05011582,E07000061
E05011201,E07000062
E05011202,E07000062
E05011203,E07000062
E05011204,E07000062
E05011205,E07000062
E05011206,E07000062
E05011207,E07000062
E05011208,E07000062
E05011209,E07000062
E05011210,E07000062
E05011211,E07000062
E05011213,E07000062
E05011212,E07000062
E05011214,E07000062
E05011215,E07000062
E05011216,E07000062
E05011583,E07000063
E05011584,E07000063
E05011585,E07000063
E05011586,E07000063
E05011587,E07000063
E05011588,E07000063
E05011589,E07000063
E05011590,E07000063
E05011591,E07000063
E05011592,E07000063
E05011593,E07000063
E05011594,E07000063
E05011595,E07000063
E05011596,E07000063
E05011597,E07000063
E05011598,E07000063
E05011599,E07000063
E05011600,E07000063
E05011601,E07000063
E05011602,E07000063
E05011603,E07000063
E05011604,E07000064
E05011605,E07000064
E05011606,E07000064
E05011607,E07000064
E05011608,E07000064
E05011609,E07000064
E05011610,E07000064
E05011611,E07000064
E05011612,E07000064
E05011613,E07000064
E05011614,E07000064
E05011615,E07000064
E05011616,E07000064
E05011617,E07000064
E05011618,E07000064
E05011619,E07000064
E05011620,E07000064
E05011621,E07000064
E05011622,E07000064
E05011623,E07000064
E05011624,E07000064
E05011625,E07000065
E05011626,E07000065
E05011627,E07000065
E05011628,E07000065
E05011629,E07000065
E05011630,E07000065
E05011631,E07000065
E05011632,E07000065
E05011633,E07000065
E05011634,E07000065
E05011635,E07000065
E05011636,E07000065
E05011637,E07000065
E05011638,E07000065
E05011639,E07000065
E05011640,E07000065
E05011641,E07000065
E05011642,E07000065
E05011643,E07000065
E05011644,E07000065
E05011645,E07000065
E05011646,E07000065
E05011647,E07000065
E05011648,E07000065
E05011649,E07000065
E05011650,E07000065
E05011651,E07000065
E05011652,E07000065
E05011653,E07000065
E05011654,E07000065
E05011655,E07000065
E05011656,E07000065
E05011657,E07000065
E05011658,E07000065
E05011659,E07000065
E05011660,E07000065
E05011661,E07000065
E05011662,E07000065
E05011663,E07000065
E05011664,E07000065
E05011665,E07000065
E05004021,E07000066
E05004022,E07000066
E05004023,E07000066
E05004024,E07000066
E05004025,E07000066
E05004026,E07000066
E05004027,E07000066
E05004028,E07000066
E05004029,E07000066
E05004030,E07000066
E05004031,E07000066
E05004032,E07000066
E05004033,E07000066
E05004034,E07000066
E05004035,E07000066
E05004036,E07000066
E05010365,E07000067
E05010366,E07000067
E05010367,E07000067
E05010368,E07000067
E05010369,E07000067
E05010370,E07000067
E05010371,E07000067
E05010372,E07000067
E05012961,E07000067
E05010374,E07000067
E05012962,E07000067
E05012963,E07000067
E05012964,E07000067
E05010378,E07000067
E05010379,E07000067
E05010380,E07000067
E05012965,E07000067
E05010382,E07000067
E05010383,E07000067
E05010384,E07000067
E05010385,E07000067
E05012966,E07000067
E05012967,E07000067
E05010388,E07000067
E05010389,E07000067
E05010390,E07000067
E05004067,E07000068
E05004068,E07000068
E05004069,E07000068
E05004070,E07000068
E05004071,E07000068
E05004072,E07000068
E05004073,E07000068
E05004074,E07000068
E05004075,E07000068
E05004076,E07000068
E05004077,E07000068
E05004078,E07000068
E05004079,E07000068
E05004080,E07000068
E05004081,E07000068
E05004082,E07000069
E05004083,E07000069
E05004084,E07000069
E05004085,E07000069
E05004086,E07000069
E05004087,E07000069
E05004088,E07000069
E05004089,E07000069
E05004090,E07000069
E05004091,E07000069
E05004092,E07000069
E05004093,E07000069
E05004094,E07000069
E05004095,E07000069
E05004096,E07000070
E05004097,E07000070
E05004098,E07000070
E05004099,E07000070
E05004100,E07000070
E05004101,E07000070
E05004102,E07000070
E05004103,E07000070
E05004104,E07000070
E05004105,E07000070
E05004106,E07000070
E05004108,E07000070
E05004107,E07000070
E05004109,E07000070
E05004110,E07000070
E05004112,E07000070
E05004113,E07000070
E05004114,E07000070
E05004115,E07000070
E05004111,E07000070
E05004116,E07000070
E05004117,E07000070
E05004118,E07000070
E05004119,E07000070
E05010827,E07000071
E05010828,E07000071
E05010829,E07000071
E05010830,E07000071
E05010831,E07000071
E05010832,E07000071
E05010833,E07000071
E05010834,E07000071
E05010835,E07000071
E05010836,E07000071
E05010837,E07000071
E05010838,E07000071
E05010840,E07000071
E05010839,E07000071
E05010841,E07000071
E05010842,E07000071
E05010843,E07000071
E05004147,E07000072
E05004148,E07000072
E05004149,E07000072
E05004150,E07000072
E05004151,E07000072
E05004152,E07000072
E05004153,E07000072
E05004154,E07000072
E05004155,E07000072
E05008940,E07000072
E05004157,E07000072
E05004158,E07000072
E05004159,E07000072
E05004160,E07000072
E05004161,E07000072
E05004162,E07000072
E05004163,E07000072
E05004164,E07000072
E05004165,E07000072
E05004166,E07000072
E05004167,E07000072
E05008941,E07000072
E05004169,E07000072
E05004170,E07000072
E05004171,E07000072
E05004172,E07000072
E05004173,E07000072
E05004174,E07000072
E05004175,E07000072
E05004176,E07000072
E05004177,E07000072
E05004178,E07000072
E05004179,E07000073
E05004180,E07000073
E05004181,E07000073
E05004182,E07000073
E05004183,E07000073
E05004184,E07000073
E05004185,E07000073
E05004186,E07000073
E05004187,E07000073
E05004188,E07000073
E05004189,E07000073
E05004190,E07000074
E05004191,E07000074
E05004192,E07000074
E05004193,E07000074
E05004194,E07000074
E05004195,E07000074
E05004196,E07000074
E05004197,E07000074
E05004198,E07000074
E05004199,E07000074
E05004200,E07000074
E05004201,E07000074
E05004202,E07000074
E05004203,E07000074
E05004204,E07000074
E05004205,E07000074
E05004206,E07000074
E05010844,E07000075
E05010845,E07000075
E05010846,E07000075
E05010847,E07000075
E05010848,E07000075
E05010849,E07000075
E05010850,E07000075
E05010851,E07000075
E05010852,E07000075
E05010853,E07000075
E05010854,E07000075
E05010855,E07000075
E05010856,E07000075
E05011932,E07000076
E05011933,E07000076
E05011934,E07000076
E05011935,E07000076
E05011936,E07000076
E05011937,E07000076
E05011938,E07000076
E05011939,E07000076
E05011940,E07000076
E05011941,E07000076
E05011942,E07000076
E05011943,E07000076
E05011944,E07000076
E05011945,E07000076
E05011946,E07000076
E05011947,E07000076
E05011948,E07000076
E05011949,E07000076
E05011950,E07000076
E05011951,E07000076
E05011952,E07000076
E05011953,E07000076
E05011954,E07000076
E05011955,E07000076
E05011956,E07000076
E05011957,E07000076
E05011958,E07000076
E05011959,E07000076
E05011960,E07000076
E05011961,E07000076
E05011962,E07000076
E05011963,E07000076
E05009910,E07000077
E05009911,E07000077
E05009912,E07000077
E05009913,E07000077
E05009914,E07000077
E05009915,E07000077
E05009916,E07000077
E05009917,E07000077
E05009918,E07000077
E05009919,E07000077
E05009920,E07000077
E05009921,E07000077
E05009922,E07000077
E05009923,E07000077
E05009924,E07000077
E05009925,E07000077
E05009926,E07000077
E05009927,E07000077
E05009928,E07000077
E05009929,E07000077
E05009930,E07000077
E05009931,E07000077
E05004288,E07000078
E05004289,E07000078
E05004290,E07000078
E05004291,E07000078
E05004292,E07000078
E05004293,E07000078
E05004294,E07000078
E05004295,E07000078
E05004296,E07000078
E05004297,E07000078
E05004298,E07000078
E05004299,E07000078
E05004300,E07000078
E05004304,E07000078
E05004301,E07000078
E05004302,E07000078
E05004303,E07000078
E05004305,E07000078
E05004306,E07000078
E05004307,E07000078
E05010696,E07000079
E05010697,E07000079
E05010698,E07000079
E05010699,E07000079
E05010700,E07000079
E05010701,E07000079
E05010702,E07000079
E05010703,E07000079
E05010704,E07000079
E05010705,E07000079
E05010706,E07000079
E05010707,E07000079
E05010708,E07000079
E05010709,E07000079
E05010710,E07000079
E05010711,E07000079
E05010712,E07000079
E05010713,E07000079
E05010714,E07000079
E05010716,E07000079
E05010717,E07000079
E05010718,E07000079
E05010715,E07000079
E05010719,E07000079
E05010720,E07000079
E05010721,E07000079
E05010722,E07000079
E05010723,E07000079
E05010724,E07000079
E05010725,E07000079
E05010726,E07000079
E05010727,E07000079
E05012156,E07000080
E05012157,E07000080
E05012158,E07000080
E05012159,E07000080
E05012160,E07000080
E05012161,E07000080
E05012162,E07000080
E05012163,E07000080
E05012164,E07000080
E05012165,E07000080
E05012166,E07000080
E05012167,E07000080
E05012168,E07000080
E05012169,E07000080
E05012170,E07000080
E05012171,E07000080
E05012172,E07000080
E05012173,E07000080
E05012174,E07000080
E05012175,E07000080
E05012176,E07000080
E05010950,E07000081
E05010951,E07000081
E05010952,E07000081
E05010953,E07000081
E05010954,E07000081
E05010955,E07000081
E05010956,E07000081
E05010957,E07000081
E05010958,E07000081
E05010959,E07000081
E05010960,E07000081
E05010961,E07000081
E05010962,E07000081
E05010963,E07000081
E05010964,E07000081
E05010965,E07000081
E05010966,E07000081
E05010967,E07000081
E05013187,E07000082
E05010969,E07000082
E05013188,E07000082
E05013212,E07000082
E05010972,E07000082
E05010973,E07000082
E05013189,E07000082
E05010975,E07000082
E05010976,E07000082
E05013190,E07000082
E05013191,E07000082
E05013192,E07000082
E05013193,E07000082
E05010981,E07000082
E05010982,E07000082
E05013194,E07000082
E05013195,E07000082
E05013196,E07000082
E05010986,E07000082
E05010987,E07000082
E05010988,E07000082
E05013197,E07000082
E05010990,E07000082
E05010991,E07000082
E05010992,E07000082
E05013198,E07000082
E05013199,E07000082
E05012064,E07000083
E05012065,E07000083
E05012066,E07000083
E05012067,E07000083
E05012068,E07000083
E05012069,E07000083
E05012070,E07000083
E05012071,E07000083
E05012072,E07000083
E05012073,E07000083
E05012074,E07000083
E05012075,E07000083
E05012076,E07000083
E05012077,E07000083
E05012078,E07000083
E05012079,E07000083
E05012080,E07000083
E05012081,E07000083
E05012082,E07000083
E05012083,E07000083
E05013078,E07000084
E05013079,E07000084
E05013080,E07000084
E05013081,E07000084
E05013082,E07000084
E05013083,E07000084
E05013084,E07000084
E05013085,E07000084
E05013086,E07000084
E05013087,E07000084
E05013088,E07000084
E05013089,E07000084
E05013090,E07000084
E05013091,E07000084
E05013092,E07000084
E05013093,E07000084
E05013094,E07000084
E05013095,E07000084
E05012290,E07000085
E05012291,E07000085
E05012292,E07000085
E05012293,E07000085
E05012294,E07000085
E05012295,E07000085
E05012296,E07000085
E05012297,E07000085
E05012298,E07000085
E05012299,E07000085
E05012300,E07000085
E05012301,E07000085
E05012302,E07000085
E05012303,E07000085
E05012304,E07000085
E05012305,E07000085
E05012306,E07000085
E05012307,E07000085
E05012308,E07000085
E05012309,E07000085
E05012310,E07000085
E05012311,E07000085
E05012312,E07000085
E05012313,E07000085
E05012314,E07000085
E05012315,E07000085
E05012316,E07000085
E05012317,E07000085
E05012318,E07000085
E05012319,E07000085
E05012320,E07000085
E05011187,E07000086
E05011188,E07000086
E05011189,E07000086
E05011190,E07000086
E05011191,E07000086
E05011192,E07000086
E05011193,E07000086
E05011194,E07000086
E05011195,E07000086
E05011196,E07000086
E05011197,E07000086
E05011198,E07000086
E05011199,E07000086
E05011200,E07000086
E05004516,E07000087
E05004517,E07000087
E05004518,E07000087
E05004519,E07000087
E05004520,E07000087
E05004521,E07000087
E05004522,E07000087
E05004523,E07000087
E05004524,E07000087
E05004525,E07000087
E05004526,E07000087
E05004527,E07000087
E05004528,E07000087
E05004529,E07000087
E05004530,E07000087
E05014138,E07000088
E05014139,E07000088
E05014140,E07000088
E05014141,E07000088
E05014142,E07000088
E05014143,E07000088
E05014144,E07000088
E05014145,E07000088
E05014146,E07000088
E05014147,E07000088
E05014148,E07000088
E05014149,E07000088
E05014150,E07000088
E05014151,E07000088
E05009352,E07000089
E05009353,E07000089
E05009354,E07000089
E05009355,E07000089
E05009356,E07000089
E05009357,E07000089
E05009358,E07000089
E05009359,E07000089
E05009360,E07000089
E05009361,E07000089
E05009362,E07000089
E05004566,E07000090
E05004567,E07000090
E05004568,E07000090
E05004569,E07000090
E05004570,E07000090
E05004571,E07000090
E05004572,E07000090
E05004573,E07000090
E05004574,E07000090
E05004575,E07000090
E05004576,E07000090
E05004577,E07000090
E05004578,E07000090
E05004579,E07000090
E05004580,E07000091
E05004581,E07000091
E05004582,E07000091
E05004583,E07000091
E05004584,E07000091
E05004585,E07000091
E05004586,E07000091
E05004587,E07000091
E05004588,E07000091
E05004589,E07000091
E05004590,E07000091
E05008932,E07000091
E05004592,E07000091
E05004593,E07000091
E05008933,E07000091
E05008934,E07000091
E05004596,E07000091
E05004597,E07000091
E05004598,E07000091
E05004599,E07000091
E05004600,E07000091
E05004601,E07000091
E05004602,E07000091
E05004603,E07000091
E05004604,E07000091
E05004605,E07000091
E05004606,E07000091
E05004607,E07000091
E05004608,E07000091
E05004609,E07000091
E05004610,E07000091
E05004611,E07000091
E05004612,E07000091
E05004613,E07000091
E05008989,E07000092
E05008990,E07000092
E05008991,E07000092
E05008992,E07000092
E05008993,E07000092
E05008994,E07000092
E05008995,E07000092
E05008996,E07000092
E05008997,E07000092
E05008998,E07000092
E05008999,E07000092
E05009000,E07000092
E05009001,E07000092
E05012927,E07000093
E05012085,E07000093
E05012928,E07000093
E05012929,E07000093
E05012088,E07000093
E05012930,E07000093
E05012931,E07000093
E05012932,E07000093
E05012933,E07000093
E05012093,E07000093
E05012934,E07000093
E05012935,E07000093
E05012936,E07000093
E05012097,E07000093
E05012098,E07000093
E05012937,E07000093
E05012100,E07000093
E05012938,E07000093
E05012102,E07000093
E05012939,E07000093
E05010995,E07000094
E05010996,E07000094
E05010997,E07000094
E05010998,E07000094
E05010999,E07000094
E05011000,E07000094
E05011006,E07000094
E05011001,E07000094
E05011002,E07000094
E05011003,E07000094
E05011004,E07000094
E05011005,E07000094
E05011007,E07000094
E05011008,E07000094
E05011009,E07000094
E05011010,E07000094
E05009002,E07000095
E05009003,E07000095
E05009004,E07000095
E05009005,E07000095
E05009006,E07000095
E05009007,E07000095
E05009008,E07000095
E05009009,E07000095
E05009010,E07000095
E05009011,E07000095
E05004691,E07000096
E05004692,E07000096
E05004693,E07000096
E05004694,E07000096
E05004695,E07000096
E05004696,E07000096
E05004697,E07000096
E05004698,E07000096
E05004699,E07000096
E05004700,E07000096
E05004701,E07000096
E05004702,E07000096
E05004703,E07000096
E05004704,E07000096
E05004705,E07000096
E05004706,E07000096
E05004707,E07000096
E05004708,E07000096
E05004709,E07000096
E05004710,E07000096
E05004711,E07000096
E05004712,E07000096
E05004713,E07000096
E05004714,E07000096
E05004715,E07000096
E05012177,E07000098
E05012178,E07000098
E05012179,E07000098
E05012180,E07000098
E05012181,E07000098
E05012182,E07000098
E05012183,E07000098
E05012184,E07000098
E05012185,E07000098
E05012186,E07000098
E05012187,E07000098
E05012188,E07000098
E05012189,E07000098
E05012190,E07000098
E05012191,E07000098
E05012192,E07000098
E05004761,E07000099
E05004762,E07000099
E05004763,E07000099
E05004764,E07000099
E05004765,E07000099
E05004766,E07000099
E05004767,E07000099
E05004768,E07000099
E05004769,E07000099
E05004770,E07000099
E05004771,E07000099
E05004772,E07000099
E05004773,E07000099
E05004774,E07000099
E05004775,E07000099
E05004776,E07000099
E05004777,E07000099
E05004778,E07000099
E05004779,E07000099
E05004780,E07000099
E05004781,E07000099
E05004782,E07000099
E05004783,E07000099
E05004784,E07000099
E05009425,E07000102
E05009426,E07000102
E05009427,E07000102
E05009428,E07000102
E05009429,E07000102
E05009430,E07000102
E05009431,E07000102
E05009432,E07000102
E05009433,E07000102
E05009434,E07000102
E05009435,E07000102
E05009436,E07000102
E05009437,E07000102
E05011046,E07000103
E05011047,E07000103
E05011048,E07000103
E05011049,E07000103
E05011050,E07000103
E05011051,E07000103
E05011052,E07000103
E05011053,E07000103
E05011054,E07000103
E05011055,E07000103
E05011056,E07000103
E05011057,E07000103
E05011743,E07000105
E05011744,E07000105
E05011745,E07000105
E05011746,E07000105
E05011747,E07000105
E05011748,E07000105
E05011749,E07000105
E05011750,E07000105
E05011751,E07000105
E05011752,E07000105
E05011753,E07000105
E05011754,E07000105
E05011755,E07000105
E05011756,E07000105
E05011757,E07000105
E05011758,E07000105
E05011759,E07000105
E05011760,E07000105
E05011761,E07000105
E05011762,E07000105
E05011763,E07000105
E05011764,E07000105
E05011765,E07000105
E05011766,E07000105
E05011767,E07000105
E05011768,E07000105
E05011769,E07000105
E05011770,E07000105
E05011771,E07000105
E05011772,E07000105
E05011773,E07000105
E05011774,E07000105
E05011775,E07000105
E05011776,E07000105
E05011777,E07000105
E05011778,E07000105
E05011779,E07000105
E05011780,E07000105
E05011781,E07000105
E05012990,E07000106
E05010392,E07000106
E05010393,E07000106
E05012991,E07000106
E05010395,E07000106
E05010396,E07000106
E05010397,E07000106
E05010398,E07000106
E05010399,E07000106
E05012953,E07000106
E05012954,E07000106
E05010402,E07000106
E05012955,E07000106
E05010404,E07000106
E05010405,E07000106
E05012956,E07000106
E05010407,E07000106
E05010408,E07000106
E05010409,E07000106
E05010410,E07000106
E05010411,E07000106
E05012392,E07000107
E05012393,E07000107
E05012394,E07000107
E05012395,E07000107
E05012396,E07000107
E05012397,E07000107
E05012398,E07000107
E05012399,E07000107
E05012400,E07000107
E05012401,E07000107
E05012402,E07000107
E05012403,E07000107
E05012404,E07000107
E05012405,E07000107
E05012406,E07000107
E05012407,E07000107
E05012408,E07000107
E05012409,E07000107
E05012410,E07000107
E05012411,E07000107
E05012855,E07000108
E05012856,E07000108
E05012857,E07000108
E05012858,E07000108
E05012859,E07000108
E05012860,E07000108
E05012861,E07000108
E05012862,E07000108
E05012863,E07000108
E05012864,E07000108
E05012865,E07000108
E05012867,E07000108
E05012866,E07000108
E05012868,E07000108
E05012869,E07000108
E05012870,E07000108
E05012871,E07000108
E05004964,E07000109
E05004965,E07000109
E05004966,E07000109
E05004967,E07000109
E05004968,E07000109
E05004969,E07000109
E05004970,E07000109
E05004971,E07000109
E05004972,E07000109
E05004973,E07000109
E05004974,E07000109
E05004975,E07000109
E05004976,E07000109
E05004977,E07000109
E05004978,E07000109
E05004979,E07000109
E05004980,E07000109
E05004981,E07000109
E05004982,E07000110
E05004983,E07000110
E05004984,E07000110
E05004985,E07000110
E05004986,E07000110
E05004987,E07000110
E05008553,E07000110
E05004989,E07000110
E05004990,E07000110
E05004991,E07000110
E05004992,E07000110
E05004993,E07000110
E05004994,E07000110
E05004995,E07000110
E05004996,E07000110
E05004997,E07000110
E05008554,E07000110
E05004999,E07000110
E05005000,E07000110
E05005001,E07000110
E05005002,E07000110
E05005003,E07000110
E05005004,E07000110
E05008555,E07000110
E05005006,E07000110
E05005007,E07000110
E05009956,E07000111
E05011558,E07000111
E05005010,E07000111
E05005011,E07000111
E05005012,E07000111
E05005013,E07000111
E05005014,E07000111
E05009958,E07000111
E05005016,E07000111
E05005017,E07000111
E05005018,E07000111
E05009959,E07000111
E05009960,E07000111
E05005021,E07000111
E05009961,E07000111
E05009962,E07000111
E05009963,E07000111
E05011559,E07000111
E05005026,E07000111
E05005027,E07000111
E05005028,E07000111
E05005029,E07000111
E05009964,E07000111
E05005031,E07000111
E05005032,E07000111
E05009965,E07000111
E05010015,E07000112
E05010016,E07000112
E05010017,E07000112
E05010018,E07000112
E05010019,E07000112
E05010020,E07000112
E05010021,E07000112
E05010022,E07000112
E05010023,E07000112
E05010024,E07000112
E05010025,E07000112
E05010026,E07000112
E05010027,E07000112
E05009544,E07000113
E05009545,E07000113
E05009546,E07000113
E05009547,E07000113
E05009548,E07000113
E05009549,E07000113
E05009550,E07000113
E05009551,E07000113
E05009552,E07000113
E05009553,E07000113
E05009554,E07000113
E05009555,E07000113
E05009556,E07000113
E05009557,E07000113
E05009558,E07000113
E05009560,E07000113
E05009561,E07000113
E05009562,E07000113
E05009559,E07000113
E05009563,E07000113
E05009564,E07000113
E05009565,E07000113
E05009566,E07000113
E05009567,E07000113
E05005081,E07000114
E05005082,E07000114
E05005083,E07000114
E05005084,E07000114
E05005085,E07000114
E05005086,E07000114
E05005087,E07000114
E05005088,E07000114
E05005089,E07000114
E05005090,E07000114
E05005091,E07000114
E05005092,E07000114
E05005093,E07000114
E05005094,E07000114
E05005095,E07000114
E05005096,E07000114
E05005098,E07000114
E05005099,E07000114
E05005097,E07000114
E05005100,E07000114
E05005101,E07000114
E05005102,E07000114
E05005103,E07000114
E05009568,E07000115
E05009569,E07000115
E05009570,E07000115
E05009571,E07000115
E05009572,E07000115
E05009573,E07000115
E05009574,E07000115
E05009575,E07000115
E05012988,E07000115
E05009577,E07000115
E05009578,E07000115
E05009579,E07000115
E05009580,E07000115
E05012989,E07000115
E05009582,E07000115
E05009583,E07000115
E05009584,E07000115
E05009585,E07000115
E05009586,E07000115
E05009587,E07000115
E05009588,E07000115
E05009589,E07000115
E05009590,E07000115
E05009591,E07000115
E05005130,E07000116
E05005131,E07000116
E05005132,E07000116
E05005133,E07000116
E05005134,E07000116
E05005135,E07000116
E05005136,E07000116
E05005137,E07000116
E05005138,E07000116
E05005139,E07000116
E05005140,E07000116
E05005141,E07000116
E05005142,E07000116
E05005143,E07000116
E05005146,E07000116
E05005148,E07000116
E05005147,E07000116
E05005149,E07000116
E05005144,E07000116
E05005145,E07000116
E05005150,E07000117
E05005151,E07000117
E05005152,E07000117
E05005153,E07000117
E05005154,E07000117
E05005155,E07000117
E05005156,E07000117
E05005157,E07000117
E05005158,E07000117
E05005159,E07000117
E05005160,E07000117
E05005161,E07000117
E05005162,E07000117
E05005163,E07000117
E05005164,E07000117
E05013064,E07000118
E05013065,E07000118
E05013066,E07000118
E05013069,E07000118
E05013067,E07000118
E05013068,E07000118
E05013070,E07000118
E05013071,E07000118
E05013072,E07000118
E05013073,E07000118
E05013074,E07000118
E05013075,E07000118
E05013076,E07000118
E05013077,E07000118
E05005185,E07000119
E05005186,E07000119
E05005187,E07000119
E05005188,E07000119
E05005189,E07000119
E05005190,E07000119
E05005191,E07000119
E05005192,E07000119
E05005193,E07000119
E05005194,E07000119
E05005195,E07000119
E05005196,E07000119
E05005197,E07000119
E05005198,E07000119
E05005199,E07000119
E05005200,E07000119
E05005203,E07000119
E05005201,E07000119
E05005202,E07000119
E05005204,E07000119
E05005205,E07000119
E05005206,E07000120
E05005207,E07000120
E05005208,E07000120
E05005209,E07000120
E05005210,E07000120
E05005211,E07000120
E05005212,E07000120
E05005213,E07000120
E05005214,E07000120
E05005215,E07000120
E05005216,E07000120
E05005217,E07000120
E05005218,E07000120
E05005221,E07000120
E05005219,E07000120
E05005220,E07000120
E05009592,E07000121
E05009593,E07000121
E05009594,E07000121
E05009595,E07000121
E05009596,E07000121
E05009597,E07000121
E05009598,E07000121
E05009599,E07000121
E05009600,E07000121
E05009601,E07000121
E05009602,E07000121
E05009603,E07000121
E05009604,E07000121
E05009605,E07000121
E05009606,E07000121
E05009607,E07000121
E05009608,E07000121
E05009609,E07000121
E05009610,E07000121
E05009611,E07000121
E05009612,E07000121
E05009613,E07000121
E05009614,E07000121
E05009615,E07000121
E05009616,E07000121
E05009617,E07000121
E05009618,E07000121
E05013200,E07000122
E05013201,E07000122
E05013202,E07000122
E05013203,E07000122
E05013204,E07000122
E05013205,E07000122
E05013206,E07000122
E05013207,E07000122
E05013208,E07000122
E05013209,E07000122
E05013210,E07000122
E05013211,E07000122
E05012193,E07000123
E05012194,E07000123
E05012195,E07000123
E05012196,E07000123
E05012197,E07000123
E05012198,E07000123
E05012199,E07000123
E05012200,E07000123
E05012201,E07000123
E05012202,E07000123
E05012203,E07000123
E05012204,E07000123
E05012205,E07000123
E05012206,E07000123
E05012208,E07000123
E05012207,E07000123
E05012000,E07000124
E05012001,E07000124
E05012002,E07000124
E05012003,E07000124
E05012004,E07000124
E05012005,E07000124
E05012006,E07000124
E05012007,E07000124
E05012008,E07000124
E05012009,E07000124
E05012010,E07000124
E05012011,E07000124
E05012012,E07000124
E05012013,E07000124
E05012014,E07000124
E05012015,E07000124
E05012016,E07000124
E05012017,E07000124
E05012019,E07000124
E05012018,E07000124
E05012020,E07000124
E05012021,E07000124
E05012022,E07000124
E05012023,E07000124
E05012024,E07000124
E05012025,E07000124
E05005316,E07000125
E05005317,E07000125
E05005318,E07000125
E05005319,E07000125
E05005320,E07000125
E05005321,E07000125
E05005322,E07000125
E05005323,E07000125
E05005324,E07000125
E05005325,E07000125
E05005326,E07000125
E05005327,E07000125
E05005328,E07000125
E05005329,E07000125
E05010214,E07000126
E05010215,E07000126
E05010216,E07000126
E05010217,E07000126
E05010218,E07000126
E05010219,E07000126
E05010220,E07000126
E05010221,E07000126
E05010222,E07000126
E05010223,E07000126
E05010224,E07000126
E05010225,E07000126
E05010226,E07000126
E05010227,E07000126
E05010228,E07000126
E05010229,E07000126
E05010230,E07000126
E05010231,E07000126
E05010233,E07000126
E05010234,E07000126
E05010232,E07000126
E05010235,E07000126
E05010236,E07000126
E05005357,E07000127
E05005359,E07000127
E05005358,E07000127
E05005380,E07000127
E05005360,E07000127
E05005361,E07000127
E05005362,E07000127
E05005363,E07000127
E05005364,E07000127
E05005365,E07000127
E05005366,E07000127
E05005367,E07000127
E05005368,E07000127
E05005381,E07000127
E05005369,E07000127
E05005370,E07000127
E05005371,E07000127
E05005372,E07000127
E05005373,E07000127
E05005374,E07000127
E05005375,E07000127
E05005376,E07000127
E05005377,E07000127
E05005378,E07000127
E05005379,E07000127
E05009932,E07000128
E05009933,E07000128
E05009934,E07000128
E05009935,E07000128
E05009936,E07000128
E05009937,E07000128
E05009938,E07000128
E05009939,E07000128
E05009940,E07000128
E05009941,E07000128
E05009942,E07000128
E05009943,E07000128
E05009944,E07000128
E05009945,E07000128
E05009946,E07000128
E05009947,E07000128
E05009948,E07000128
E05009949,E07000128
E05009950,E07000128
E05009951,E07000128
E05009952,E07000128
E05009953,E07000128
E05009954,E07000128
E05009955,E07000128
E05005408,E07000129
E05005409,E07000129
E05005410,E07000129
E05005411,E07000129
E05005412,E07000129
E05005413,E07000129
E05005414,E07000129
E05009619,E07000129
E05005416,E07000129
E05005417,E07000129
E05005418,E07000129
E05005419,E07000129
E05005420,E07000129
E05005421,E07000129
E05005422,E07000129
E05005423,E07000129
E05005424,E07000129
E05009620,E07000129
E05005426,E07000130
E05005427,E07000130
E05005428,E07000130
E05005429,E07000130
E05005430,E07000130
E05005431,E07000130
E05005432,E07000130
E05005433,E07000130
E05005434,E07000130
E05005435,E07000130
E05005436,E07000130
E05005437,E07000130
E05005438,E07000130
E05005439,E07000130
E05005440,E07000130
E05005441,E07000130
E05005442,E07000130
E05005443,E07000130
E05005444,E07000130
E05005445,E07000130
E05005446,E07000130
E05005447,E07000130
E05005448,E07000130
E05005449,E07000130
E05005450,E07000130
E05005451,E07000130
E05005452,E07000130
E05005453,E07000130
E05011964,E07000131
E05011965,E07000131
E05011967,E07000131
E05011966,E07000131
E05011968,E07000131
E05011969,E07000131
E05011970,E07000131
E05011971,E07000131
E05011972,E07000131
E05011973,E07000131
E05011974,E07000131
E05011975,E07000131
E05011976,E07000131
E05011977,E07000131
E05011978,E07000131
E05011979,E07000131
E05011980,E07000131
E05011981,E07000131
E05011982,E07000131
E05005479,E07000132
E05005480,E07000132
E05005481,E07000132
E05005483,E07000132
E05005482,E07000132
E05005484,E07000132
E05005485,E07000132
E05005486,E07000132
E05005487,E07000132
E05005488,E07000132
E05005489,E07000132
E05005490,E07000132
E05005491,E07000132
E05005492,E07000132
E05005493,E07000132
E05005494,E07000132
E05005495,E07000133
E05005496,E07000133
E05005497,E07000133
E05005498,E07000133
E05005499,E07000133
E05005500,E07000133
E05005501,E07000133
E05005502,E07000133
E05005503,E07000133
E05005504,E07000133
E05005505,E07000133
E05005506,E07000133
E05005507,E07000133
E05005508,E07000133
E05005509,E07000133
E05005510,E07000133
E05010090,E07000134
E05010091,E07000134
E05010092,E07000134
E05010093,E07000134
E05010094,E07000134
E05010095,E07000134
E05010096,E07000134
E05010097,E07000134
E05010098,E07000134
E05010099,E07000134
E05010100,E07000134
E05010101,E07000134
E05010102,E07000134
E05010103,E07000134
E05010104,E07000134
E05010105,E07000134
E05010106,E07000134
E05010107,E07000134
E05010108,E07000134
E05010109,E07000134
E05010110,E07000134
E05010111,E07000134
E05010112,E07000134
E05010113,E07000134
E05010114,E07000134
E05010115,E07000134
E05010116,E07000134
E05010117,E07000134
E05010118,E07000134
E05010119,E07000134
E05010120,E07000134
E05010121,E07000134
E05010122,E07000134
E05010123,E07000134
E05010124,E07000134
E05010125,E07000134
E05010126,E07000134
E05010127,E07000134
E05005531,E07000135
E05005532,E07000135
E05005533,E07000135
E05005534,E07000135
E05005535,E07000135
E05005536,E07000135
E05005537,E07000135
E05005538,E07000135
E05005539,E07000135
E05005540,E07000135
E05009621,E07000136
E05009622,E07000136
E05009623,E07000136
E05009624,E07000136
E05009625,E07000136
E05009626,E07000136
E05009628,E07000136
E05009627,E07000136
E05009629,E07000136
E05009630,E07000136
E05009631,E07000136
E05009632,E07000136
E05009633,E07000136
E05009634,E07000136
E05009635,E07000136
E05009873,E07000137
E05009874,E07000137
E05009875,E07000137
E05009876,E07000137
E05009877,E07000137
E05009878,E07000137
E05009879,E07000137
E05009880,E07000137
E05009881,E07000137
E05009882,E07000137
E05009883,E07000137
E05009884,E07000137
E05009885,E07000137
E05009886,E07000137
E05009887,E07000137
E05009888,E07000137
E05009889,E07000137
E05009890,E07000137
E05009891,E07000137
E05009892,E07000137
E05009897,E07000137
E05009898,E07000137
E05009899,E07000137
E05009893,E07000137
E05009894,E07000137
E05009895,E07000137
E05009896,E07000137
E05009900,E07000137
E05009901,E07000137
E05009902,E07000137
E05009903,E07000137
E05009904,E07000137
E05009905,E07000137
E05009906,E07000137
E05009907,E07000137
E05009908,E07000137
E05009909,E07000137
E05010784,E07000138
E05010785,E07000138
E05010786,E07000138
E05010787,E07000138
E05010788,E07000138
E05010789,E07000138
E05010790,E07000138
E05010791,E07000138
E05010792,E07000138
E05010793,E07000138
E05010794,E07000138
E05005618,E07000139
E05005619,E07000139
E05005620,E07000139
E05005621,E07000139
E05005622,E07000139
E05005623,E07000139
E05005624,E07000139
E05005625,E07000139
E05005626,E07000139
E05005627,E07000139
E05005628,E07000139
E05005629,E07000139
E05005630,E07000139
E05005631,E07000139
E05005632,E07000139
E05005633,E07000139
E05005634,E07000139
E05005635,E07000139
E05005636,E07000139
E05005637,E07000139
E05005638,E07000139
E05005639,E07000139
E05005640,E07000139
E05005641,E07000139
E05005642,E07000139
E05005643,E07000139
E05005644,E07000140
E05005645,E07000140
E05005646,E07000140
E05005647,E07000140
E05005648,E07000140
E05005649,E07000140
E05005650,E07000140
E05005651,E07000140
E05005652,E07000140
E05005653,E07000140
E05005654,E07000140
E05005655,E07000140
E05005656,E07000140
E05005657,E07000140
E05005658,E07000140
E05005659,E07000140
E05005660,E07000140
E05005661,E07000140
E05010148,E07000141
E05010149,E07000141
E05010150,E07000141
E05010151,E07000141
E05010152,E07000141
E05010153,E07000141
E05010154,E07000141
E05010155,E07000141
E05010156,E07000141
E05010157,E07000141
E05010158,E07000141
E05010159,E07000141
E05010160,E07000141
E05010161,E07000141
E05010162,E07000141
E05010165,E07000141
E05010163,E07000141
E05010164,E07000141
E05010166,E07000141
E05010167,E07000141
E05010168,E07000141
E05010169,E07000141
E05010170,E07000141
E05010171,E07000141
E05010172,E07000141
E05010173,E07000141
E05010174,E07000141
E05010175,E07000141
E05010176,E07000141
E05010177,E07000141
E05009636,E07000142
E05009637,E07000142
E05009638,E07000142
E05009639,E07000142
E05009640,E07000142
E05009641,E07000142
E05009642,E07000142
E05009643,E07000142
E05009644,E07000142
E05009645,E07000142
E05009646,E07000142
E05009647,E07000142
E05009648,E07000142
E05009649,E07000142
E05009650,E07000142
E05009651,E07000142
E05009652,E07000142
E05009653,E07000142
E05009654,E07000142
E05009655,E07000142
E05010237,E07000143
E05010238,E07000143
E05010240,E07000143
E05010241,E07000143
E05010239,E07000143
E05010242,E07000143
E05010243,E07000143
E05010244,E07000143
E05010245,E07000143
E05010246,E07000143
E05010247,E07000143
E05010248,E07000143
E05010249,E07000143
E05010250,E07000143
E05010251,E07000143
E05010252,E07000143
E05010253,E07000143
E05010254,E07000143
E05010255,E07000143
E05010256,E07000143
E05010257,E07000143
E05010258,E07000143
E05010259,E07000143
E05010260,E07000143
E05010261,E07000143
E05010262,E07000143
E05010263,E07000143
E05005757,E07000144
E05005758,E07000144
E05005759,E07000144
E05005760,E07000144
E05005761,E07000144
E05005762,E07000144
E05005763,E07000144
E05005764,E07000144
E05005765,E07000144
E05005766,E07000144
E05005767,E07000144
E05005768,E07000144
E05005769,E07000144
E05005770,E07000144
E05005771,E07000144
E05005772,E07000144
E05005773,E07000144
E05005774,E07000144
E05005775,E07000144
E05005776,E07000144
E05005777,E07000144
E05005778,E07000144
E05005779,E07000144
E05005780,E07000144
E05005781,E07000144
E05005782,E07000144
E05005783,E07000144
E05005784,E07000145
E05005785,E07000145
E05005786,E07000145
E05005787,E07000145
E05005788,E07000145
E05005789,E07000145
E05005790,E07000145
E05005791,E07000145
E05005792,E07000145
E05005793,E07000145
E05005794,E07000145
E05005795,E07000145
E05005796,E07000145
E05005798,E07000145
E05005797,E07000145
E05005799,E07000145
E05005800,E07000145
E05012321,E07000146
E05012322,E07000146
E05012323,E07000146
E05012324,E07000146
E05012325,E07000146
E05012326,E07000146
E05012327,E07000146
E05012328,E07000146
E05012329,E07000146
E05012330,E07000146
E05012331,E07000146
E05012332,E07000146
E05012333,E07000146
E05012334,E07000146
E05012335,E07000146
E05012336,E07000146
E05012337,E07000146
E05012338,E07000146
E05012339,E07000146
E05012340,E07000146
E05012341,E07000146
E05012342,E07000146
E05012344,E07000146
E05012345,E07000146
E05012346,E07000146
E05012347,E07000146
E05012343,E07000146
E05012348,E07000146
E05012349,E07000146
E05012350,E07000146
E05012351,E07000146
E05012352,E07000146
E05012353,E07000146
E05012354,E07000146
E05012355,E07000146
E05011834,E07000147
E05011835,E07000147
E05011836,E07000147
E05011837,E07000147
E05011838,E07000147
E05011839,E07000147
E05011840,E07000147
E05011841,E07000147
E05011842,E07000147
E05011843,E07000147
E05011844,E07000147
E05011845,E07000147
E05011846,E07000147
E05011847,E07000147
E05011848,E07000147
E05011849,E07000147
E05011850,E07000147
E05011851,E07000147
E05011852,E07000147
E05011853,E07000147
E05011855,E07000147
E05011856,E07000147
E05011854,E07000147
E05011857,E07000147
E05011858,E07000147
E05011859,E07000147
E05011860,E07000147
E05011861,E07000147
E05011862,E07000147
E05011863,E07000147
E05011864,E07000147
E05011865,E07000147
E05012901,E07000148
E05012902,E07000148
E05012903,E07000148
E05012904,E07000148
E05012905,E07000148
E05012906,E07000148
E05012907,E07000148
E05012908,E07000148
E05012909,E07000148
E05012910,E07000148
E05012911,E07000148
E05012912,E07000148
E05012913,E07000148
E05011866,E07000149
E05011867,E07000149
E05011868,E07000149
E05011869,E07000149
E05011870,E07000149
E05011871,E07000149
E05011872,E07000149
E05012851,E07000149
E05011874,E07000149
E05011875,E07000149
E05012852,E07000149
E05011877,E07000149
E05011878,E07000149
E05011879,E07000149
E05011880,E07000149
E05011881,E07000149
E05011882,E07000149
E05011883,E07000149
E05011884,E07000149
E05011885,E07000149
E05011886,E07000149
E05011887,E07000149
E05011888,E07000149
E05011889,E07000149
E05011890,E07000149
E05011891,E07000149
E05010673,E07000170
E05010674,E07000170
E05010675,E07000170
E05010676,E07000170
E05010692,E07000170
E05010678,E07000170
E05010679,E07000170
E05010680,E07000170
E05010681,E07000170
E05010682,E07000170
E05010683,E07000170
E05010684,E07000170
E05010685,E07000170
E05010686,E07000170
E05010687,E07000170
E05010689,E07000170
E05010690,E07000170
E05010691,E07000170
E05010677,E07000170
E05010693,E07000170
E05010688,E07000170
E05010694,E07000170
E05010695,E07000170
E05006377,E07000171
E05006378,E07000171
E05006379,E07000171
E05006380,E07000171
E05006381,E07000171
E05006382,E07000171
E05006383,E07000171
E05006384,E07000171
E05006385,E07000171
E05006386,E07000171
E05006387,E07000171
E05006388,E07000171
E05006389,E07000171
E05006390,E07000171
E05006391,E07000171
E05006392,E07000171
E05006393,E07000171
E05006394,E07000171
E05006395,E07000171
E05006396,E07000171
E05006397,E07000171
E05006398,E07000171
E05006399,E07000171
E05006400,E07000171
E05006401,E07000171
E05010514,E07000172
E05010515,E07000172
E05010516,E07000172
E05010517,E07000172
E05010518,E07000172
E05010519,E07000172
E05010520,E07000172
E05010521,E07000172
E05010522,E07000172
E05010523,E07000172
E05010524,E07000172
E05010525,E07000172
E05010526,E07000172
E05010527,E07000172
E05010528,E07000172
E05010529,E07000172
E05010530,E07000172
E05010531,E07000172
E05010532,E07000172
E05010533,E07000172
E05009689,E07000173
E05009690,E07000173
E05009691,E07000173
E05009692,E07000173
E05009693,E07000173
E05009694,E07000173
E05009695,E07000173
E05009696,E07000173
E05009697,E07000173
E05009698,E07000173
E05009699,E07000173
E05009700,E07000173
E05009701,E07000173
E05009702,E07000173
E05009703,E07000173
E05009704,E07000173
E05009705,E07000173
E05009706,E07000173
E05009707,E07000173
E05008857,E07000174
E05008858,E07000174
E05008859,E07000174
E05008860,E07000174
E05008861,E07000174
E05008862,E07000174
E05008863,E07000174
E05008864,E07000174
E05008865,E07000174
E05008866,E07000174
E05008867,E07000174
E05008868,E07000174
E05008869,E07000174
E05008870,E07000174
E05008871,E07000174
E05008872,E07000174
E05008873,E07000174
E05008874,E07000174
E05008875,E07000174
E05008876,E07000174
E05008877,E07000174
E05008878,E07000174
E05008879,E07000174
E05008880,E07000174
E05008881,E07000174
E05008882,E07000174
E05008883,E07000174
E05008884,E07000174
E05008885,E07000174
E05008886,E07000174
E05008887,E07000174
E05008888,E07000174
E05008889,E07000174
E05008890,E07000174
E05008891,E07000174
E05008892,E07000174
E05011552,E07000175
E05010064,E07000175
E05011553,E07000175
E05010066,E07000175
E05010067,E07000175
E05010068,E07000175
E05011554,E07000175
E05010070,E07000175
E05010071,E07000175
E05010072,E07000175
E05010073,E07000175
E05011555,E07000175
E05010075,E07000175
E05010076,E07000175
E05010077,E07000175
E05010078,E07000175
E05010079,E07000175
E05010080,E07000175
E05010081,E07000175
E05010082,E07000175
E05010083,E07000175
E05009708,E07000176
E05009709,E07000176
E05009710,E07000176
E05009711,E07000176
E05009712,E07000176
E05009713,E07000176
E05009714,E07000176
E05009715,E07000176
E05009716,E07000176
E05009717,E07000176
E05009718,E07000176
E05009719,E07000176
E05009720,E07000176
E05009721,E07000176
E05009722,E07000176
E05009723,E07000176
E05009724,E07000176
E05009725,E07000176
E05009726,E07000176
E05009727,E07000176
E05009728,E07000176
E05009729,E07000176
E05009730,E07000176
E05009731,E07000176
E05009732,E07000176
E05011348,E07000177
E05011349,E07000177
E05010921,E07000177
E05010922,E07000177
E05010923,E07000177
E05010924,E07000177
E05010925,E07000177
E05010926,E07000177
E05012968,E07000177
E05010928,E07000177
E05010929,E07000177
E05010930,E07000177
E05012969,E07000177
E05010932,E07000177
E05010933,E07000177
E05010934,E07000177
E05013096,E07000178
E05013097,E07000178
E05013098,E07000178
E05013099,E07000178
E05013100,E07000178
E05013101,E07000178
E05013102,E07000178
E05013103,E07000178
E05013104,E07000178
E05013105,E07000178
E05013106,E07000178
E05013107,E07000178
E05013108,E07000178
E05013109,E07000178
E05013110,E07000178
E05013111,E07000178
E05013112,E07000178
E05013113,E07000178
E05013114,E07000178
E05013115,E07000178
E05013116,E07000178
E05013117,E07000178
E05013118,E07000178
E05013119,E07000178
E05009733,E07000179
E05009734,E07000179
E05009735,E07000179
E05009736,E07000179
E05011701,E07000179
E05011702,E07000179
E05011703,E07000179
E05009740,E07000179
E05011704,E07000179
E05009742,E07000179
E05009743,E07000179
E05011705,E07000179
E05012853,E07000179
E05011707,E07000179
E05011708,E07000179
E05012854,E07000179
E05009749,E07000179
E05011710,E07000179
E05009751,E07000179
E05011711,E07000179
E05011712,E07000179
E05009754,E07000180
E05009755,E07000180
E05012970,E07000180
E05009757,E07000180
E05012971,E07000180
E05011713,E07000180
E05012972,E07000180
E05011714,E07000180
E05011715,E07000180
E05012973,E07000180
E05012974,E07000180
E05012975,E07000180
E05012976,E07000180
E05012992,E07000180
E05012977,E07000180
E05009769,E07000180
E05009770,E07000180
E05009771,E07000180
E05011717,E07000180
E05011718,E07000180
E05012978,E07000180
E05012979,E07000180
E05012980,E07000180
E05011719,E07000180
E05006627,E07000181
E05006628,E07000181
E05006629,E07000181
E05009364,E07000181
E05009363,E07000181
E05006632,E07000181
E05009365,E07000181
E05006634,E07000181
E05010781,E07000181
E05010782,E07000181
E05006637,E07000181
E05006638,E07000181
E05006639,E07000181
E05006640,E07000181
E05010783,E07000181
E05006642,E07000181
E05006643,E07000181
E05006644,E07000181
E05006645,E07000181
E05006646,E07000181
E05006647,E07000181
E05006648,E07000181
E05006649,E07000181
E05006650,E07000181
E05006651,E07000181
E05006652,E07000181
E05006653,E07000181
E05006902,E07000192
E05006903,E07000192
E05006904,E07000192
E05006905,E07000192
E05006906,E07000192
E05006907,E07000192
E05006908,E07000192
E05006909,E07000192
E05006910,E07000192
E05006911,E07000192
E05006912,E07000192
E05006913,E07000192
E05006914,E07000192
E05006915,E07000192
E05006916,E07000192
E05006917,E07000193
E05006918,E07000193
E05006919,E07000193
E05006920,E07000193
E05006921,E07000193
E05006922,E07000193
E05006923,E07000193
E05006924,E07000193
E05006925,E07000193
E05006926,E07000193
E05006927,E07000193
E05006928,E07000193
E05006929,E07000193
E05006930,E07000193
E05006931,E07000193
E05006932,E07000193
E05006933,E07000193
E05006934,E07000193
E05006935,E07000193
E05006936,E07000193
E05006937,E07000193
E05010651,E07000194
E05010652,E07000194
E05010653,E07000194
E05010654,E07000194
E05010655,E07000194
E05010656,E07000194
E05010657,E07000194
E05010658,E07000194
E05010659,E07000194
E05010660,E07000194
E05010661,E07000194
E05010662,E07000194
E05010663,E07000194
E05010664,E07000194
E05010665,E07000194
E05010666,E07000194
E05010667,E07000194
E05010669,E07000194
E05010668,E07000194
E05010670,E07000194
E05010671,E07000194
E05010672,E07000194
E05011415,E07000195
E05011416,E07000195
E05011417,E07000195
E05011418,E07000195
E05011419,E07000195
E05011420,E07000195
E05011421,E07000195
E05011422,E07000195
E05011423,E07000195
E05011424,E07000195
E05011425,E07000195
E05011426,E07000195
E05011427,E07000195
E05011428,E07000195
E05011429,E07000195
E05011430,E07000195
E05011431,E07000195
E05011432,E07000195
E05011433,E07000195
E05011434,E07000195
E05011435,E07000195
E05006988,E07000196
E05006989,E07000196
E05006990,E07000196
E05006991,E07000196
E05006992,E07000196
E05006993,E07000196
E05006994,E07000196
E05006995,E07000196
E05006996,E07000196
E05006997,E07000196
E05006998,E07000196
E05006999,E07000196
E05007000,E07000196
E05007001,E07000196
E05007002,E07000196
E05007003,E07000196
E05007004,E07000196
E05007005,E07000196
E05007006,E07000196
E05007007,E07000196
E05007008,E07000196
E05007009,E07000196
E05007010,E07000196
E05007011,E07000196
E05007012,E07000196
E05010479,E07000197
E05010480,E07000197
E05010481,E07000197
E05010482,E07000197
E05010483,E07000197
E05010484,E07000197
E05010485,E07000197
E05010486,E07000197
E05010487,E07000197
E05010488,E07000197
E05010489,E07000197
E05010490,E07000197
E05010491,E07000197
E05010492,E07000197
E05010493,E07000197
E05010494,E07000197
E05010495,E07000197
E05010496,E07000197
E05010498,E07000197
E05010497,E07000197
E05010499,E07000197
E05010500,E07000197
E05010501,E07000197
E05007039,E07000198
E05007040,E07000198
E05007041,E07000198
E05007042,E07000198
E05007043,E07000198
E05007044,E07000198
E05007045,E07000198
E05007046,E07000198
E05007047,E07000198
E05007048,E07000198
E05007049,E07000198
E05007050,E07000198
E05007051,E07000198
E05007052,E07000198
E05007053,E07000198
E05007054,E07000198
E05007055,E07000198
E05007056,E07000198
E05007057,E07000198
E05007058,E07000198
E05007059,E07000198
E05007060,E07000198
E05007061,E07000198
E05007062,E07000198
E05007063,E07000198
E05007064,E07000198
E05007065,E07000198
E05007066,E07000199
E05007067,E07000199
E05007068,E07000199
E05007069,E07000199
E05007070,E07000199
E05007071,E07000199
E05007072,E07000199
E05007073,E07000199
E05007074,E07000199
E05007075,E07000199
E05012565,E07000200
E05012566,E07000200
E05012567,E07000200
E05012568,E07000200
E05012569,E07000200
E05012570,E07000200
E05012571,E07000200
E05012572,E07000200
E05012573,E07000200
E05012574,E07000200
E05012575,E07000200
E05012576,E07000200
E05012577,E07000200
E05012578,E07000200
E05012579,E07000200
E05012580,E07000200
E05012581,E07000200
E05012582,E07000200
E05012583,E07000200
E05012584,E07000200
E05012585,E07000200
E05012586,E07000200
E05012587,E07000200
E05012588,E07000200
E05007117,E07000202
E05007118,E07000202
E05007119,E07000202
E05007120,E07000202
E05007121,E07000202
E05007122,E07000202
E05007123,E07000202
E05007124,E07000202
E05007125,E07000202
E05007128,E07000202
E05007126,E07000202
E05007127,E07000202
E05007129,E07000202
E05007130,E07000202
E05007131,E07000202
E05007132,E07000202
E05012589,E07000203
E05012590,E07000203
E05012591,E07000203
E05012592,E07000203
E05012593,E07000203
E05012594,E07000203
E05012595,E07000203
E05012596,E07000203
E05012597,E07000203
E05012598,E07000203
E05012599,E07000203
E05012600,E07000203
E05012601,E07000203
E05012602,E07000203
E05012603,E07000203
E05012604,E07000203
E05012605,E07000203
E05012606,E07000203
E05012607,E07000203
E05012608,E07000203
E05012609,E07000203
E05012610,E07000203
E05012611,E07000203
E05012612,E07000203
E05012613,E07000203
E05012614,E07000203
E05011074,E07000207
E05011075,E07000207
E05011076,E07000207
E05011077,E07000207
E05011078,E07000207
E05011079,E07000207
E05011080,E07000207
E05011081,E07000207
E05011082,E07000207
E05011083,E07000207
E05011084,E07000207
E05011085,E07000207
E05011086,E07000207
E05011087,E07000207
E05011088,E07000207
E05011089,E07000207
E05007273,E07000208
E05007274,E07000208
E05007275,E07000208
E05007276,E07000208
E05007277,E07000208
E05007278,E07000208
E05007279,E07000208
E05007280,E07000208
E05007281,E07000208
E05007282,E07000208
E05007283,E07000208
E05007284,E07000208
E05007285,E07000208
E05007286,E07000209
E05007287,E07000209
E05007288,E07000209
E05007289,E07000209
E05007290,E07000209
E05007291,E07000209
E05007292,E07000209
E05007293,E07000209
E05007294,E07000209
E05007295,E07000209
E05007296,E07000209
E05007297,E07000209
E05007298,E07000209
E05007299,E07000209
E05007300,E07000209
E05007301,E07000209
E05007302,E07000209
E05007303,E07000209
E05007304,E07000209
E05007305,E07000209
E05007306,E07000209
E05007307,E07000209
E05007308,E07000210
E05007309,E07000210
E05007310,E07000210
E05007311,E07000210
E05007312,E07000210
E05007313,E07000210
E05007314,E07000210
E05007315,E07000210
E05007316,E07000210
E05007317,E07000210
E05007318,E07000210
E05007319,E07000210
E05007320,E07000210
E05007321,E07000210
E05007322,E07000210
E05007323,E07000210
E05007324,E07000210
E05007325,E07000210
E05007326,E07000210
E05007327,E07000210
E05007328,E07000210
E05012872,E07000211
E05012873,E07000211
E05012874,E07000211
E05012875,E07000211
E05012876,E07000211
E05012877,E07000211
E05012878,E07000211
E05012879,E07000211
E05012880,E07000211
E05012881,E07000211
E05012882,E07000211
E05012883,E07000211
E05012884,E07000211
E05012885,E07000211
E05012886,E07000211
E05012887,E07000212
E05012888,E07000212
E05012889,E07000212
E05012890,E07000212
E05012891,E07000212
E05012892,E07000212
E05012893,E07000212
E05012894,E07000212
E05012895,E07000212
E05012896,E07000212
E05012897,E07000212
E05012898,E07000212
E05012899,E07000212
E05012900,E07000212
E05007362,E07000213
E05007363,E07000213
E05007364,E07000213
E05007365,E07000213
E05007366,E07000213
E05007367,E07000213
E05007368,E07000213
E05007369,E07000213
E05007370,E07000213
E05007371,E07000213
E05007372,E07000213
E05007373,E07000213
E05007374,E07000213
E05012026,E07000214
E05012027,E07000214
E05012028,E07000214
E05012029,E07000214
E05012030,E07000214
E05012031,E07000214
E05012032,E07000214
E05012033,E07000214
E05012034,E07000214
E05012035,E07000214
E05012036,E07000214
E05012037,E07000214
E05012038,E07000214
E05012039,E07000214
E05007409,E07000215
E05007410,E07000215
E05007391,E07000215
E05007392,E07000215
E05007393,E07000215
E05007394,E07000215
E05007395,E07000215
E05007396,E07000215
E05007397,E07000215
E05007398,E07000215
E05007399,E07000215
E05007400,E07000215
E05007401,E07000215
E05007402,E07000215
E05007403,E07000215
E05007404,E07000215
E05007405,E07000215
E05007406,E07000215
E05007407,E07000215
E05007408,E07000215
E05007411,E07000216
E05007412,E07000216
E05007413,E07000216
E05007414,E07000216
E05007415,E07000216
E05007416,E07000216
E05007417,E07000216
E05007418,E07000216
E05007419,E07000216
E05007420,E07000216
E05007421,E07000216
E05007422,E07000216
E05007423,E07000216
E05007424,E07000216
E05007425,E07000216
E05007426,E07000216
E05007427,E07000216
E05007428,E07000216
E05007429,E07000216
E05007430,E07000216
E05007431,E07000216
E05007432,E07000216
E05007433,E07000216
E05007434,E07000216
E05007435,E07000216
E05007436,E07000216
E05007437,E07000216
E05007438,E07000216
E05007439,E07000216
E05010795,E07000217
E05010796,E07000217
E05010797,E07000217
E05010798,E07000217
E05010799,E07000217
E05010800,E07000217
E05010801,E07000217
E05010802,E07000217
E05010803,E07000217
E05010804,E07000217
E05007457,E07000218
E05007458,E07000218
E05007459,E07000218
E05007460,E07000218
E05007461,E07000218
E05007462,E07000218
E05007463,E07000218
E05007464,E07000218
E05007465,E07000218
E05007466,E07000218
E05007467,E07000218
E05007468,E07000218
E05007469,E07000218
E05007470,E07000218
E05007471,E07000218
E05007472,E07000218
E05007473,E07000218
E05007474,E07000219
E05007475,E07000219
E05007476,E07000219
E05007477,E07000219
E05007478,E07000219
E05007479,E07000219
E05007480,E07000219
E05007481,E07000219
E05007482,E07000219
E05007483,E07000219
E05007484,E07000219
E05007485,E07000219
E05007487,E07000219
E05007486,E07000219
E05007488,E07000219
E05007489,E07000219
E05007490,E07000219
E05010758,E07000220
E05008974,E07000220
E05008975,E07000220
E05008976,E07000220
E05008977,E07000220
E05010759,E07000220
E05008986,E07000220
E05008979,E07000220
E05008980,E07000220
E05008981,E07000220
E05008982,E07000220
E05008983,E07000220
E05008984,E07000220
E05008985,E07000220
E05010760,E07000220
E05008988,E07000220
E05010179,E07000221
E05010178,E07000221
E05010180,E07000221
E05010181,E07000221
E05010182,E07000221
E05010183,E07000221
E05010184,E07000221
E05010185,E07000221
E05010186,E07000221
E05010187,E07000221
E05010188,E07000221
E05010189,E07000221
E05010190,E07000221
E05010191,E07000221
E05010192,E07000221
E05010193,E07000221
E05010194,E07000221
E05010195,E07000221
E05010196,E07000221
E05010197,E07000221
E05010198,E07000221
E05010199,E07000221
E05010200,E07000221
E05010201,E07000221
E05010202,E07000221
E05010203,E07000221
E05010204,E07000221
E05010205,E07000221
E05010206,E07000221
E05010207,E07000221
E05010208,E07000221
E05010209,E07000221
E05010210,E07000221
E05010211,E07000221
E05010212,E07000221
E05010213,E07000221
E05012615,E07000222
E05012616,E07000222
E05012617,E07000222
E05012618,E07000222
E05012619,E07000222
E05012620,E07000222
E05012621,E07000222
E05012622,E07000222
E05012623,E07000222
E05012624,E07000222
E05012625,E07000222
E05012626,E07000222
E05012627,E07000222
E05012628,E07000222
E05012629,E07000222
E05012630,E07000222
E05012631,E07000222
E05007562,E07000223
E05007563,E07000223
E05007564,E07000223
E05007565,E07000223
E05007566,E07000223
E05007567,E07000223
E05007568,E07000223
E05007569,E07000223
E05007570,E07000223
E05007573,E07000223
E05007574,E07000223
E05007571,E07000223
E05007572,E07000223
E05007575,E07000223
E05009800,E07000224
E05009801,E07000224
E05009802,E07000224
E05009803,E07000224
E05009804,E07000224
E05009805,E07000224
E05009806,E07000224
E05009807,E07000224
E05009808,E07000224
E05009809,E07000224
E05009810,E07000224
E05009811,E07000224
E05009812,E07000224
E05009813,E07000224
E05009814,E07000224
E05009815,E07000224
E05009816,E07000224
E05009817,E07000224
E05009818,E07000224
E05009819,E07000224
E05009820,E07000224
E05009821,E07000224
E05009822,E07000224
E05011666,E07000225
E05011667,E07000225
E05011668,E07000225
E05011669,E07000225
E05011670,E07000225
E05011671,E07000225
E05011672,E07000225
E05011673,E07000225
E05011674,E07000225
E05011675,E07000225
E05011676,E07000225
E05011677,E07000225
E05011678,E07000225
E05011679,E07000225
E05011680,E07000225
E05011681,E07000225
E05011682,E07000225
E05011683,E07000225
E05011684,E07000225
E05011685,E07000225
E05011686,E07000225
E05012914,E07000226
E05012915,E07000226
E05012916,E07000226
E05012917,E07000226
E05012918,E07000226
E05012919,E07000226
E05012920,E07000226
E05012921,E07000226
E05012922,E07000226
E05012923,E07000226
E05012924,E07000226
E05012925,E07000226
E05012926,E07000226
E05011812,E07000227
E05011813,E07000227
E05011814,E07000227
E05011815,E07000227
E05011816,E07000227
E05011817,E07000227
E05011818,E07000227
E05011819,E07000227
E05011820,E07000227
E05011821,E07000227
E05011822,E07000227
E05011823,E07000227
E05011824,E07000227
E05011825,E07000227
E05011826,E07000227
E05011827,E07000227
E05011828,E07000227
E05011829,E07000227
E05011830,E07000227
E05011831,E07000227
E05011832,E07000227
E05011833,E07000227
E05007668,E07000228
E05007669,E07000228
E05007670,E07000228
E05007671,E07000228
E05007672,E07000228
E05007673,E07000228
E05007674,E07000228
E05007675,E07000228
E05007676,E07000228
E05007677,E07000228
E05007678,E07000228
E05007679,E07000228
E05007680,E07000228
E05007681,E07000228
E05007682,E07000228
E05007683,E07000228
E05007684,E07000228
E05007685,E07000228
E05007686,E07000228
E05007687,E07000228
E05007688,E07000228
E05007689,E07000228
E05007690,E07000228
E05007691,E07000228
E05007692,E07000228
E05007693,E07000228
E05007694,E07000229
E05007695,E07000229
E05007696,E07000229
E05007697,E07000229
E05007698,E07000229
E05007699,E07000229
E05007700,E07000229
E05007701,E07000229
E05007702,E07000229
E05007703,E07000229
E05007704,E07000229
E05007705,E07000229
E05007706,E07000229
E05009823,E07000234
E05009824,E07000234
E05009825,E07000234
E05009826,E07000234
E05009827,E07000234
E05009828,E07000234
E05009829,E07000234
E05009830,E07000234
E05009831,E07000234
E05009832,E07000234
E05009833,E07000234
E05009834,E07000234
E05009835,E07000234
E05009836,E07000234
E05009837,E07000234
E05009838,E07000234
E05009839,E07000234
E05009840,E07000234
E05009841,E07000234
E05009842,E07000234
E05009843,E07000234
E05009844,E07000234
E05009845,E07000234
E05009846,E07000234
E05009847,E07000234
E05009848,E07000234
E05009849,E07000234
E05009850,E07000234
E05009851,E07000234
E05009852,E07000234
E05007846,E07000235
E05007847,E07000235
E05007848,E07000235
E05007849,E07000235
E05007850,E07000235
E05007851,E07000235
E05007852,E07000235
E05007853,E07000235
E05007854,E07000235
E05007855,E07000235
E05007856,E07000235
E05007857,E07000235
E05007858,E07000235
E05007859,E07000235
E05007860,E07000235
E05007861,E07000235
E05007862,E07000235
E05007863,E07000235
E05007864,E07000235
E05007865,E07000235
E05007866,E07000235
E05007867,E07000235
E05007868,E07000236
E05007869,E07000236
E05007870,E07000236
E05007871,E07000236
E05007872,E07000236
E05007873,E07000236
E05007874,E07000236
E05007875,E07000236
E05007876,E07000236
E05007877,E07000236
E05007878,E07000236
E05007879,E07000236
E05007880,E07000237
E05007881,E07000237
E05007882,E07000237
E05007883,E07000237
E05007884,E07000237
E05007885,E07000237
E05007886,E07000237
E05007887,E07000237
E05007888,E07000237
E05007889,E07000237
E05007890,E07000237
E05007891,E07000237
E05007892,E07000237
E05007893,E07000237
E05007894,E07000237
E05007895,E07000238
E05007896,E07000238
E05007897,E07000238
E05007898,E07000238
E05007899,E07000238
E05007900,E07000238
E05007901,E07000238
E05007902,E07000238
E05007903,E07000238
E05007904,E07000238
E05007905,E07000238
E05007906,E07000238
E05007907,E07000238
E05007908,E07000238
E05007909,E07000238
E05007910,E07000238
E05007911,E07000238
E05007912,E07000238
E05007913,E07000238
E05007914,E07000238
E05007915,E07000238
E05007916,E07000238
E05007917,E07000238
E05007918,E07000238
E05007919,E07000238
E05007920,E07000238
E05007921,E07000238
E05007922,E07000238
E05007923,E07000238
E05007924,E07000238
E05007925,E07000238
E05007926,E07000238
E05010502,E07000239
E05010503,E07000239
E05010504,E07000239
E05010505,E07000239
E05010506,E07000239
E05010507,E07000239
E05010508,E07000239
E05010509,E07000239
E05010510,E07000239
E05010511,E07000239
E05010512,E07000239
E05010513,E07000239
E05013947,E07000240
E05013948,E07000240
E05013949,E07000240
E05013950,E07000240
E05013951,E07000240
E05013952,E07000240
E05013953,E07000240
E05013954,E07000240
E05013955,E07000240
E05013956,E07000240
E05013957,E07000240
E05013958,E07000240
E05013959,E07000240
E05013960,E07000240
E05013961,E07000240
E05013962,E07000240
E05013963,E07000240
E05013964,E07000240
E05013965,E07000240
E05013966,E07000240
E05011058,E07000241
E05011059,E07000241
E05011060,E07000241
E05011061,E07000241
E05011062,E07000241
E05011063,E07000241
E05011064,E07000241
E05011065,E07000241
E05011066,E07000241
E05011067,E07000241
E05011068,E07000241
E05011069,E07000241
E05011070,E07000241
E05011071,E07000241
E05011072,E07000241
E05011073,E07000241
E05012981,E07000242
E05012982,E07000242
E05012983,E07000242
E05012984,E07000242
E05012985,E07000242
E05004721,E07000242
E05012986,E07000242
E05004723,E07000242
E05004724,E07000242
E05004725,E07000242
E05004726,E07000242
E05004727,E07000242
E05004728,E07000242
E05004729,E07000242
E05004730,E07000242
E05004731,E07000242
E05004732,E07000242
E05004733,E07000242
E05004735,E07000242
E05012987,E07000242
E05004736,E07000242
E05004737,E07000242
E05004738,E07000242
E05004739,E07000242
E05009315,E07000242
E05004741,E07000242
E05004742,E07000242
E05004743,E07000242
E05004744,E07000242
E05004745,E07000242
E05004805,E07000243
E05004806,E07000243
E05004807,E07000243
E05004808,E07000243
E05009316,E07000243
E05004810,E07000243
E05004811,E07000243
E05004812,E07000243
E05004813,E07000243
E05004815,E07000243
E05004814,E07000243
E05004816,E07000243
E05004817,E07000243
E05012734,E07000244
E05012735,E07000244
E05012736,E07000244
E05012737,E07000244
E05012738,E07000244
E05012739,E07000244
E05012740,E07000244
E05012741,E07000244
E05012742,E07000244
E05012743,E07000244
E05012744,E07000244
E05012745,E07000244
E05012746,E07000244
E05012747,E07000244
E05012748,E07000244
E05012749,E07000244
E05012750,E07000244
E05012751,E07000244
E05012752,E07000244
E05012753,E07000244
E05012754,E07000244
E05012755,E07000244
E05012756,E07000244
E05012757,E07000244
E05012758,E07000244
E05012759,E07000244
E05012760,E07000244
E05012761,E07000244
E05012762,E07000244
E05012763,E07000245
E05012764,E07000245
E05012765,E07000245
E05012766,E07000245
E05012767,E07000245
E05012768,E07000245
E05012769,E07000245
E05012770,E07000245
E05012771,E07000245
E05012772,E07000245
E05012773,E07000245
E05012774,E07000245
E05012775,E07000245
E05012776,E07000245
E05012777,E07000245
E05012778,E07000245
E05012779,E07000245
E05012780,E07000245
E05012781,E07000245
E05012782,E07000245
E05012783,E07000245
E05012784,E07000245
E05012785,E07000245
E05012786,E07000245
E05012787,E07000245
E05012788,E07000245
E05012789,E07000245
E05012790,E07000245
E05012791,E07000245
E05012792,E07000245
E05012793,E07000245
E05012794,E07000245
E05012795,E07000245
E05012796,E07000245
E05012798,E07000245
E05012797,E07000245
E05012799,E07000245
E05012800,E07000245
E05012801,E07000245
E05012802,E07000245
E05012803,E07000245
E05012804,E07000245
E05012805,E07000245
E05000650,E08000001
E05000651,E08000001
E05000652,E08000001
E05000653,E08000001
E05000654,E08000001
E05000655,E08000001
E05000656,E08000001
E05000657,E08000001
E05000658,E08000001
E05000659,E08000001
E05000661,E08000001
E05000660,E08000001
E05000662,E08000001
E05000663,E08000001
E05000664,E08000001
E05000665,E08000001
E05000666,E08000001
E05000667,E08000001
E05000668,E08000001
E05000669,E08000001
E05014152,E08000002
E05014153,E08000002
E05014154,E08000002
E05014155,E08000002
E05014156,E08000002
E05014157,E08000002
E05014158,E08000002
E05014159,E08000002
E05014160,E08000002
E05014161,E08000002
E05014162,E08000002
E05014163,E08000002
E05014164,E08000002
E05014165,E08000002
E05014166,E08000002
E05014167,E08000002
E05014168,E08000002
E05011350,E08000003
E05011351,E08000003
E05011352,E08000003
E05011353,E08000003
E05011354,E08000003
E05011355,E08000003
E05011356,E08000003
E05011357,E08000003
E05011358,E08000003
E05011359,E08000003
E05011360,E08000003
E05011361,E08000003
E05011362,E08000003
E05011363,E08000003
E05011364,E08000003
E05011365,E08000003
E05011366,E08000003
E05011367,E08000003
E05011368,E08000003
E05011369,E08000003
E05011370,E08000003
E05011371,E08000003
E05011372,E08000003
E05011373,E08000003
E05011374,E08000003
E05011375,E08000003
E05011376,E08000003
E05011377,E08000003
E05011378,E08000003
E05011379,E08000003
E05011380,E08000003
E05011381,E08000003
E05000719,E08000004
E05000720,E08000004
E05000721,E08000004
E05000722,E08000004
E05000723,E08000004
E05000724,E08000004
E05000725,E08000004
E05000726,E08000004
E05000727,E08000004
E05000728,E08000004
E05000729,E08000004
E05000730,E08000004
E05000731,E08000004
E05000732,E08000004
E05000733,E08000004
E05000736,E08000004
E05000734,E08000004
E05000735,E08000004
E05000737,E08000004
E05000738,E08000004
E05014033,E08000005
E05014034,E08000005
E05014035,E08000005
E05014036,E08000005
E05014037,E08000005
E05014038,E08000005
E05014039,E08000005
E05014040,E08000005
E05014041,E08000005
E05014042,E08000005
E05014043,E08000005
E05014044,E08000005
E05014045,E08000005
E05014046,E08000005
E05014047,E08000005
E05014048,E08000005
E05014049,E08000005
E05014050,E08000005
E05014051,E08000005
E05014052,E08000005
E05013018,E08000006
E05013019,E08000006
E05013020,E08000006
E05013021,E08000006
E05013022,E08000006
E05013023,E08000006
E05013024,E08000006
E05013025,E08000006
E05013026,E08000006
E05013027,E08000006
E05013028,E08000006
E05013029,E08000006
E05013030,E08000006
E05013031,E08000006
E05013032,E08000006
E05013033,E08000006
E05013034,E08000006
E05013035,E08000006
E05013036,E08000006
E05013037,E08000006
E05000779,E08000007
E05000780,E08000007
E05000782,E08000007
E05000781,E08000007
E05000783,E08000007
E05000785,E08000007
E05000786,E08000007
E05000784,E08000007
E05000787,E08000007
E05000788,E08000007
E05000789,E08000007
E05000790,E08000007
E05000791,E08000007
E05000792,E08000007
E05000793,E08000007
E05000794,E08000007
E05000795,E08000007
E05000796,E08000007
E05000797,E08000007
E05000798,E08000007
E05000799,E08000007
E05000800,E08000008
E05000801,E08000008
E05000802,E08000008
E05000803,E08000008
E05000804,E08000008
E05000805,E08000008
E05000806,E08000008
E05000807,E08000008
E05000808,E08000008
E05000809,E08000008
E05000810,E08000008
E05000811,E08000008
E05000812,E08000008
E05000813,E08000008
E05000814,E08000008
E05000815,E08000008
E05000816,E08000008
E05000817,E08000008
E05000818,E08000008
E05000819,E08000009
E05000820,E08000009
E05000821,E08000009
E05000822,E08000009
E05000823,E08000009
E05000824,E08000009
E05000825,E08000009
E05000826,E08000009
E05000827,E08000009
E05000828,E08000009
E05000829,E08000009
E05000830,E08000009
E05000831,E08000009
E05000832,E08000009
E05000833,E08000009
E05000835,E08000009
E05000834,E08000009
E05000836,E08000009
E05000837,E08000009
E05000838,E08000009
E05000839,E08000009
E05000840,E08000010
E05000841,E08000010
E05000842,E08000010
E05000843,E08000010
E05000844,E08000010
E05000845,E08000010
E05000846,E08000010
E05000847,E08000010
E05000848,E08000010
E05000849,E08000010
E05000850,E08000010
E05000851,E08000010
E05000852,E08000010
E05000853,E08000010
E05000854,E08000010
E05000855,E08000010
E05000856,E08000010
E05000857,E08000010
E05000858,E08000010
E05000859,E08000010
E05000860,E08000010
E05000861,E08000010
E05000862,E08000010
E05000863,E08000010
E05000864,E08000010
E05010935,E08000011
E05010936,E08000011
E05010937,E08000011
E05010938,E08000011
E05010939,E08000011
E05010940,E08000011
E05010941,E08000011
E05010942,E08000011
E05010943,E08000011
E05010944,E08000011
E05010945,E08000011
E05010946,E08000011
E05010947,E08000011
E05010948,E08000011
E05010949,E08000011
E05000886,E08000012
E05000887,E08000012
E05000888,E08000012
E05000889,E08000012
E05000890,E08000012
E05000891,E08000012
E05000892,E08000012
E05000893,E08000012
E05000894,E08000012
E05000895,E08000012
E05000896,E08000012
E05000897,E08000012
E05000898,E08000012
E05000899,E08000012
E05000900,E08000012
E05000901,E08000012
E05000902,E08000012
E05000903,E08000012
E05000904,E08000012
E05000905,E08000012
E05000906,E08000012
E05000907,E08000012
E05000909,E08000012
E05000908,E08000012
E05000910,E08000012
E05000911,E08000012
E05000912,E08000012
E05000913,E08000012
E05000914,E08000012
E05000915,E08000012
E05014120,E08000013
E05014121,E08000013
E05014122,E08000013
E05014123,E08000013
E05014124,E08000013
E05014125,E08000013
E05014126,E08000013
E05014127,E08000013
E05014128,E08000013
E05014129,E08000013
E05014130,E08000013
E05014131,E08000013
E05014132,E08000013
E05014133,E08000013
E05014134,E08000013
E05014135,E08000013
E05014136,E08000013
E05014137,E08000013
E05000932,E08000014
E05000933,E08000014
E05000934,E08000014
E05000935,E08000014
E05000936,E08000014
E05000937,E08000014
E05000938,E08000014
E05000939,E08000014
E05000940,E08000014
E05000941,E08000014
E05000942,E08000014
E05000943,E08000014
E05000944,E08000014
E05000945,E08000014
E05000946,E08000014
E05000947,E08000014
E05000948,E08000014
E05000949,E08000014
E05000950,E08000014
E05000951,E08000014
E05000952,E08000014
E05000953,E08000014
E05000954,E08000015
E05000955,E08000015
E05000956,E08000015
E05000957,E08000015
E05000958,E08000015
E05000959,E08000015
E05000960,E08000015
E05000961,E08000015
E05000962,E08000015
E05000963,E08000015
E05000964,E08000015
E05000965,E08000015
E05000966,E08000015
E05000967,E08000015
E05000968,E08000015
E05000969,E08000015
E05000970,E08000015
E05000971,E08000015
E05000972,E08000015
E05000973,E08000015
E05000974,E08000015
E05000975,E08000015
E05000976,E08000016
E05000977,E08000016
E05000978,E08000016
E05000979,E08000016
E05000980,E08000016
E05000981,E08000016
E05000982,E08000016
E05000983,E08000016
E05000984,E08000016
E05000985,E08000016
E05000986,E08000016
E05000987,E08000016
E05000988,E08000016
E05000989,E08000016
E05000990,E08000016
E05000991,E08000016
E05000992,E08000016
E05000993,E08000016
E05000994,E08000016
E05000995,E08000016
E05000996,E08000016
E05010728,E08000017
E05010729,E08000017
E05010730,E08000017
E05010731,E08000017
E05010732,E08000017
E05010733,E08000017
E05010734,E08000017
E05010735,E08000017
E05010736,E08000017
E05010737,E08000017
E05010738,E08000017
E05010739,E08000017
E05010740,E08000017
E05010741,E08000017
E05010742,E08000017
E05010743,E08000017
E05010744,E08000017
E05010745,E08000017
E05010746,E08000017
E05010747,E08000017
E05010748,E08000017
E05012993,E08000018
E05012994,E08000018
E05012995,E08000018
E05012996,E08000018
E05012997,E08000018
E05012998,E08000018
E05012999,E08000018
E05013000,E08000018
E05013001,E08000018
E05013002,E08000018
E05013003,E08000018
E05013004,E08000018
E05013005,E08000018
E05013006,E08000018
E05013007,E08000018
E05013008,E08000018
E05013009,E08000018
E05013010,E08000018
E05013011,E08000018
E05013012,E08000018
E05013013,E08000018
E05013014,E08000018
E05013015,E08000018
E05013016,E08000018
E05013017,E08000018
E05010857,E08000019
E05010858,E08000019
E05010859,E08000019
E05010860,E08000019
E05010861,E08000019
E05010862,E08000019
E05010863,E08000019
E05010864,E08000019
E05010865,E08000019
E05010866,E08000019
E05010867,E08000019
E05010868,E08000019
E05010869,E08000019
E05010870,E08000019
E05010871,E08000019
E05010872,E08000019
E05010873,E08000019
E05010874,E08000019
E05010875,E08000019
E05010876,E08000019
E05010877,E08000019
E05010878,E08000019
E05010879,E08000019
E05010880,E08000019
E05010881,E08000019
E05010882,E08000019
E05010883,E08000019
E05010884,E08000019
E05011436,E08000021
E05011437,E08000021
E05011438,E08000021
E05011439,E08000021
E05011440,E08000021
E05011441,E08000021
E05011442,E08000021
E05011443,E08000021
E05011444,E08000021
E05011445,E08000021
E05011446,E08000021
E05011447,E08000021
E05011448,E08000021
E05011449,E08000021
E05011450,E08000021
E05011451,E08000021
E05011452,E08000021
E05011453,E08000021
E05011454,E08000021
E05011455,E08000021
E05011456,E08000021
E05011457,E08000021
E05011458,E08000021
E05011459,E08000021
E05011460,E08000021
E05011461,E08000021
E05001115,E08000022
E05001116,E08000022
E05001117,E08000022
E05001118,E08000022
E05001119,E08000022
E05001120,E08000022
E05001121,E08000022
E05001122,E08000022
E05001123,E08000022
E05001124,E08000022
E05001125,E08000022
E05001126,E08000022
E05001127,E08000022
E05001128,E08000022
E05001129,E08000022
E05001130,E08000022
E05001131,E08000022
E05001132,E08000022
E05001133,E08000022
E05001134,E08000022
E05001135,E08000023
E05001136,E08000023
E05001137,E08000023
E05001138,E08000023
E05001140,E08000023
E05001139,E08000023
E05001141,E08000023
E05001142,E08000023
E05001143,E08000023
E05001144,E08000023
E05001145,E08000023
E05001146,E08000023
E05001147,E08000023
E05001148,E08000023
E05001150,E08000023
E05001149,E08000023
E05001151,E08000023
E05001152,E08000023
E05001153,E08000024
E05001154,E08000024
E05001155,E08000024
E05001156,E08000024
E05001157,E08000024
E05001158,E08000024
E05001159,E08000024
E05001160,E08000024
E05001161,E08000024
E05001162,E08000024
E05001163,E08000024
E05001164,E08000024
E05001169,E08000024
E05001170,E08000024
E05001171,E08000024
E05001172,E08000024
E05001165,E08000024
E05001166,E08000024
E05001167,E08000024
E05001168,E08000024
E05001173,E08000024
E05001174,E08000024
E05001175,E08000024
E05001176,E08000024
E05001177,E08000024
E05011118,E08000025
E05011119,E08000025
E05011120,E08000025
E05011121,E08000025
E05011122,E08000025
E05011123,E08000025
E05011124,E08000025
E05011125,E08000025
E05011126,E08000025
E05011127,E08000025
E05011128,E08000025
E05011129,E08000025
E05011130,E08000025
E05011131,E08000025
E05011132,E08000025
E05011133,E08000025
E05011134,E08000025
E05011135,E08000025
E05011136,E08000025
E05011137,E08000025
E05011138,E08000025
E05011139,E08000025
E05011140,E08000025
E05011141,E08000025
E05011142,E08000025
E05011143,E08000025
E05011144,E08000025
E05011145,E08000025
E05011146,E08000025
E05011147,E08000025
E05011148,E08000025
E05011149,E08000025
E05011150,E08000025
E05011151,E08000025
E05011152,E08000025
E05011153,E08000025
E05011154,E08000025
E05011155,E08000025
E05011156,E08000025
E05011157,E08000025
E05011158,E08000025
E05011159,E08000025
E05011160,E08000025
E05011161,E08000025
E05011162,E08000025
E05011163,E08000025
E05011164,E08000025
E05011165,E08000025
E05011166,E08000025
E05011167,E08000025
E05011168,E08000025
E05011169,E08000025
E05011170,E08000025
E05011171,E08000025
E05011172,E08000025
E05011173,E08000025
E05011174,E08000025
E05011175,E08000025
E05011176,E08000025
E05011177,E08000025
E05011178,E08000025
E05011179,E08000025
E05011180,E08000025
E05011181,E08000025
E05011182,E08000025
E05011183,E08000025
E05011184,E08000025
E05011185,E08000025
E05011186,E08000025
E05001218,E08000026
E05001219,E08000026
E05001220,E08000026
E05001221,E08000026
E05001222,E08000026
E05001223,E08000026
E05001224,E08000026
E05001225,E08000026
E05001226,E08000026
E05001227,E08000026
E05001229,E08000026
E05001228,E08000026
E05001230,E08000026
E05001231,E08000026
E05001232,E08000026
E05001233,E08000026
E05001234,E08000026
E05001235,E08000026
E05001236,E08000027
E05001237,E08000027
E05001238,E08000027
E05001239,E08000027
E05001240,E08000027
E05001241,E08000027
E05001242,E08000027
E05001243,E08000027
E05001244,E08000027
E05001245,E08000027
E05001246,E08000027
E05001247,E08000027
E05001248,E08000027
E05001249,E08000027
E05001250,E08000027
E05001251,E08000027
E05001252,E08000027
E05001253,E08000027
E05001256,E08000027
E05001254,E08000027
E05001255,E08000027
E05001257,E08000027
E05001258,E08000027
E05001259,E08000027
E05001260,E08000028
E05001261,E08000028
E05001262,E08000028
E05001263,E08000028
E05001264,E08000028
E05001265,E08000028
E05001266,E08000028
E05001267,E08000028
E05001268,E08000028
E05001269,E08000028
E05001270,E08000028
E05001271,E08000028
E05001272,E08000028
E05001273,E08000028
E05001274,E08000028
E05001275,E08000028
E05001277,E08000028
E05001278,E08000028
E05001276,E08000028
E05001279,E08000028
E05001280,E08000028
E05001281,E08000028
E05001282,E08000028
E05001283,E08000028
E05001284,E08000029
E05001285,E08000029
E05001286,E08000029
E05001287,E08000029
E05001288,E08000029
E05001289,E08000029
E05001290,E08000029
E05001291,E08000029
E05001292,E08000029
E05001293,E08000029
E05001294,E08000029
E05001296,E08000029
E05001297,E08000029
E05001298,E08000029
E05001299,E08000029
E05001300,E08000029
E05001295,E08000029
E05001301,E08000030
E05001302,E08000030
E05001303,E08000030
E05001304,E08000030
E05001305,E08000030
E05001306,E08000030
E05001307,E08000030
E05001308,E08000030
E05001309,E08000030
E05001310,E08000030
E05001311,E08000030
E05001312,E08000030
E05001313,E08000030
E05001314,E08000030
E05001315,E08000030
E05001317,E08000030
E05001316,E08000030
E05001318,E08000030
E05001319,E08000030
E05001320,E08000030
E05001321,E08000031
E05001322,E08000031
E05001323,E08000031
E05001324,E08000031
E05001325,E08000031
E05001326,E08000031
E05001327,E08000031
E05001328,E08000031
E05001329,E08000031
E05001330,E08000031
E05001331,E08000031
E05001332,E08000031
E05001333,E08000031
E05001334,E08000031
E05001336,E08000031
E05001335,E08000031
E05001337,E08000031
E05001338,E08000031
E05001339,E08000031
E05001340,E08000031
E05001341,E08000032
E05001342,E08000032
E05001343,E08000032
E05001344,E08000032
E05001345,E08000032
E05001346,E08000032
E05001347,E08000032
E05001348,E08000032
E05001349,E08000032
E05001350,E08000032
E05001351,E08000032
E05001352,E08000032
E05001353,E08000032
E05001354,E08000032
E05001355,E08000032
E05001356,E08000032
E05001357,E08000032
E05001358,E08000032
E05001359,E08000032
E05001360,E08000032
E05001361,E08000032
E05001362,E08000032
E05001363,E08000032
E05001364,E08000032
E05001365,E08000032
E05001366,E08000032
E05001367,E08000032
E05001368,E08000032
E05001369,E08000032
E05001370,E08000032
E05001371,E08000033
E05001372,E08000033
E05001373,E08000033
E05001374,E08000033
E05001375,E08000033
E05001376,E08000033
E05001377,E08000033
E05001378,E08000033
E05001379,E08000033
E05001380,E08000033
E05001381,E08000033
E05001382,E08000033
E05001383,E08000033
E05001384,E08000033
E05001385,E08000033
E05001386,E08000033
E05001387,E08000033
E05008558,E08000034
E05001389,E08000034
E05001390,E08000034
E05001391,E08000034
E05001392,E08000034
E05001393,E08000034
E05008559,E08000034
E05008560,E08000034
E05001396,E08000034
E05001397,E08000034
E05001398,E08000034
E05001399,E08000034
E05001400,E08000034
E05001401,E08000034
E05001402,E08000034
E05001403,E08000034
E05008561,E08000034
E05001405,E08000034
E05008562,E08000034
E05001407,E08000034
E05001408,E08000034
E05001409,E08000034
E05001410,E08000034
E05012841,E08000035
E05012842,E08000035
E05011384,E08000035
E05011385,E08000035
E05012647,E08000035
E05011387,E08000035
E05011388,E08000035
E05011389,E08000035
E05011390,E08000035
E05011391,E08000035
E05012648,E08000035
E05013830,E08000035
E05011394,E08000035
E05011395,E08000035
E05011396,E08000035
E05011397,E08000035
E05011547,E08000035
E05011399,E08000035
E05011400,E08000035
E05011401,E08000035
E05011402,E08000035
E05011403,E08000035
E05011404,E08000035
E05011405,E08000035
E05011406,E08000035
E05011407,E08000035
E05011549,E08000035
E05011409,E08000035
E05011410,E08000035
E05011411,E08000035
E05013831,E08000035
E05011413,E08000035
E05011414,E08000035
E05001444,E08000036
E05001445,E08000036
E05001446,E08000036
E05001447,E08000036
E05001448,E08000036
E05001449,E08000036
E05001450,E08000036
E05001451,E08000036
E05001452,E08000036
E05001453,E08000036
E05001454,E08000036
E05001455,E08000036
E05001456,E08000036
E05001457,E08000036
E05001458,E08000036
E05001459,E08000036
E05001460,E08000036
E05001461,E08000036
E05001462,E08000036
E05001463,E08000036
E05001464,E08000036
E05001067,E08000037
E05001068,E08000037
E05001069,E08000037
E05009313,E08000037
E05001071,E08000037
E05001072,E08000037
E05001073,E08000037
E05001075,E08000037
E05001074,E08000037
E05001076,E08000037
E05001077,E08000037
E05001078,E08000037
E05001079,E08000037
E05001080,E08000037
E05001081,E08000037
E05001082,E08000037
E05001083,E08000037
E05001084,E08000037
E05001085,E08000037
E05001086,E08000037
E05001087,E08000037
E05001088,E08000037
E09000001,E09000001
E05014053,E09000002
E05014054,E09000002
E05014055,E09000002
E05014056,E09000002
E05014057,E09000002
E05014058,E09000002
E05014059,E09000002
E05014060,E09000002
E05014061,E09000002
E05014062,E09000002
E05014063,E09000002
E05014064,E09000002
E05014065,E09000002
E05014066,E09000002
E05014067,E09000002
E05014068,E09000002
E05014069,E09000002
E05014070,E09000002
E05014071,E09000002
E05013628,E09000003
E05013629,E09000003
E05013630,E09000003
E05013631,E09000003
E05013632,E09000003
E05013633,E09000003
E05013634,E09000003
E05013635,E09000003
E05013636,E09000003
E05013637,E09000003
E05013638,E09000003
E05013639,E09000003
E05013640,E09000003
E05013641,E09000003
E05013642,E09000003
E05013643,E09000003
E05013644,E09000003
E05013645,E09000003
E05013646,E09000003
E05013647,E09000003
E05013648,E09000003
E05013649,E09000003
E05013650,E09000003
E05013651,E09000003
E05011217,E09000004
E05011218,E09000004
E05011219,E09000004
E05011220,E09000004
E05011221,E09000004
E05011222,E09000004
E05011223,E09000004
E05011224,E09000004
E05011225,E09000004
E05011226,E09000004
E05011227,E09000004
E05011228,E09000004
E05011230,E09000004
E05011231,E09000004
E05011229,E09000004
E05011232,E09000004
E05011233,E09000004
E05013496,E09000005
E05013497,E09000005
E05013498,E09000005
E05013499,E09000005
E05013500,E09000005
E05013501,E09000005
E05013502,E09000005
E05013503,E09000005
E05013504,E09000005
E05013505,E09000005
E05013506,E09000005
E05013507,E09000005
E05013508,E09000005
E05013509,E09000005
E05013510,E09000005
E05013511,E09000005
E05013512,E09000005
E05013513,E09000005
E05013514,E09000005
E05013515,E09000005
E05013516,E09000005
E05013517,E09000005
E05013987,E09000006
E05013988,E09000006
E05013989,E09000006
E05013990,E09000006
E05013991,E09000006
E05013992,E09000006
E05013993,E09000006
E05013994,E09000006
E05013995,E09000006
E05013996,E09000006
E05013997,E09000006
E05013998,E09000006
E05013999,E09000006
E05014000,E09000006
E05014001,E09000006
E05014002,E09000006
E05014003,E09000006
E05014004,E09000006
E05014005,E09000006
E05014006,E09000006
E05014007,E09000006
E05014008,E09000006
E05013652,E09000007
E05013653,E09000007
E05013654,E09000007
E05013655,E09000007
E05013656,E09000007
E05013657,E09000007
E05013658,E09000007
E05013659,E09000007
E05013660,E09000007
E05013661,E09000007
E05013662,E09000007
E05013663,E09000007
E05013664,E09000007
E05013665,E09000007
E05013666,E09000007
E05013667,E09000007
E05013668,E09000007
E05013670,E09000007
E05013669,E09000007
E05013671,E09000007
E05011462,E09000008
E05011463,E09000008
E05011464,E09000008
E05011465,E09000008
E05011466,E09000008
E05011467,E09000008
E05011468,E09000008
E05011469,E09000008
E05011470,E09000008
E05011471,E09000008
E05011472,E09000008
E05011473,E09000008
E05011474,E09000008
E05011475,E09000008
E05011476,E09000008
E05011477,E09000008
E05011478,E09000008
E05011479,E09000008
E05011480,E09000008
E05011481,E09000008
E05011482,E09000008
E05011483,E09000008
E05011484,E09000008
E05011485,E09000008
E05011486,E09000008
E05011487,E09000008
E05011488,E09000008
E05011489,E09000008
E05013518,E09000009
E05013519,E09000009
E05013520,E09000009
E05013521,E09000009
E05013522,E09000009
E05013523,E09000009
E05013524,E09000009
E05013525,E09000009
E05013526,E09000009
E05013527,E09000009
E05013528,E09000009
E05013529,E09000009
E05013530,E09000009
E05013531,E09000009
E05013532,E09000009
E05013533,E09000009
E05013534,E09000009
E05013535,E09000009
E05013536,E09000009
E05013537,E09000009
E05013538,E09000009
E05013539,E09000009
E05013540,E09000009
E05013541,E09000009
E05013672,E09000010
E05013673,E09000010
E05013674,E09000010
E05013675,E09000010
E05013676,E09000010
E05013677,E09000010
E05013678,E09000010
E05013679,E09000010
E05013680,E09000010
E05013681,E09000010
E05013682,E09000010
E05013683,E09000010
E05013684,E09000010
E05013685,E09000010
E05013686,E09000010
E05013687,E09000010
E05013688,E09000010
E05013689,E09000010
E05013690,E09000010
E05013691,E09000010
E05013692,E09000010
E05013693,E09000010
E05013694,E09000010
E05013695,E09000010
E05013696,E09000010
E05014072,E09000011
E05014073,E09000011
E05014074,E09000011
E05014075,E09000011
E05014076,E09000011
E05014077,E09000011
E05014078,E09000011
E05014079,E09000011
E05014080,E09000011
E05014081,E09000011
E05014082,E09000011
E05014083,E09000011
E05014084,E09000011
E05014085,E09000011
E05014086,E09000011
E05014087,E09000011
E05014088,E09000011
E05014089,E09000011
E05014090,E09000011
E05014091,E09000011
E05014092,E09000011
E05014093,E09000011
E05014094,E09000011
E05009367,E09000012
E05009368,E09000012
E05009369,E09000012
E05009370,E09000012
E05009371,E09000012
E05009372,E09000012
E05009373,E09000012
E05009374,E09000012
E05009375,E09000012
E05009376,E09000012
E05009377,E09000012
E05009378,E09000012
E05009379,E09000012
E05009380,E09000012
E05009381,E09000012
E05009382,E09000012
E05009383,E09000012
E05009384,E09000012
E05009385,E09000012
E05009386,E09000012
E05009387,E09000012
E05013733,E09000013
E05013734,E09000013
E05013735,E09000013
E05013736,E09000013
E05013737,E09000013
E05013738,E09000013
E05013739,E09000013
E05013740,E09000013
E05013741,E09000013
E05013742,E09000013
E05013743,E09000013
E05013744,E09000013
E05013745,E09000013
E05013746,E09000013
E05013747,E09000013
E05013748,E09000013
E05013749,E09000013
E05013750,E09000013
E05013751,E09000013
E05013752,E09000013
E05013753,E09000013
E05013585,E09000014
E05013586,E09000014
E05013587,E09000014
E05013588,E09000014
E05013589,E09000014
E05013590,E09000014
E05013591,E09000014
E05013592,E09000014
E05013593,E09000014
E05013594,E09000014
E05013595,E09000014
E05013596,E09000014
E05013598,E09000014
E05013599,E09000014
E05013597,E09000014
E05013600,E09000014
E05013601,E09000014
E05013602,E09000014
E05013603,E09000014
E05013604,E09000014
E05013605,E09000014
E05013542,E09000015
E05013543,E09000015
E05013544,E09000015
E05013545,E09000015
E05013546,E09000015
E05013548,E09000015
E05013547,E09000015
E05013549,E09000015
E05013550,E09000015
E05013551,E09000015
E05013552,E09000015
E05013553,E09000015
E05013554,E09000015
E05013555,E09000015
E05013556,E09000015
E05013557,E09000015
E05013558,E09000015
E05013559,E09000015
E05013560,E09000015
E05013561,E09000015
E05013562,E09000015
E05013563,E09000015
E05013967,E09000016
E05013968,E09000016
E05013969,E09000016
E05013970,E09000016
E05013971,E09000016
E05013972,E09000016
E05013973,E09000016
E05013974,E09000016
E05013975,E09000016
E05013976,E09000016
E05013977,E09000016
E05013978,E09000016
E05013979,E09000016
E05013980,E09000016
E05013984,E09000016
E05013985,E09000016
E05013981,E09000016
E05013982,E09000016
E05013983,E09000016
E05013986,E09000016
E05013564,E09000017
E05013565,E09000017
E05013566,E09000017
E05013567,E09000017
E05013568,E09000017
E05013569,E09000017
E05013570,E09000017
E05013571,E09000017
E05013572,E09000017
E05013573,E09000017
E05013574,E09000017
E05013575,E09000017
E05013576,E09000017
E05013577,E09000017
E05013578,E09000017
E05013579,E09000017
E05013580,E09000017
E05013581,E09000017
E05013582,E09000017
E05013583,E09000017
E05013584,E09000017
E05013606,E09000018
E05013607,E09000018
E05013608,E09000018
E05013609,E09000018
E05013610,E09000018
E05013611,E09000018
E05013612,E09000018
E05013613,E09000018
E05013614,E09000018
E05013615,E09000018
E05013616,E09000018
E05013617,E09000018
E05013618,E09000018
E05013619,E09000018
E05013620,E09000018
E05013621,E09000018
E05013622,E09000018
E05013623,E09000018
E05013624,E09000018
E05013625,E09000018
E05013626,E09000018
E05013627,E09000018
E05013697,E09000019
E05013698,E09000019
E05013699,E09000019
E05013700,E09000019
E05013701,E09000019
E05013702,E09000019
E05013703,E09000019
E05013704,E09000019
E05013705,E09000019
E05013706,E09000019
E05013707,E09000019
E05013708,E09000019
E05013709,E09000019
E05013710,E09000019
E05013711,E09000019
E05013712,E09000019
E05013713,E09000019
E05009388,E09000020
E05009389,E09000020
E05009390,E09000020
E05009391,E09000020
E05009392,E09000020
E05009393,E09000020
E05009394,E09000020
E05009395,E09000020
E05009396,E09000020
E05009397,E09000020
E05009398,E09000020
E05009399,E09000020
E05009400,E09000020
E05009401,E09000020
E05009402,E09000020
E05009403,E09000020
E05009404,E09000020
E05009405,E09000020
E05013928,E09000021
E05013929,E09000021
E05013930,E09000021
E05013931,E09000021
E05013932,E09000021
E05013933,E09000021
E05013934,E09000021
E05013935,E09000021
E05013936,E09000021
E05013937,E09000021
E05013938,E09000021
E05013939,E09000021
E05013940,E09000021
E05013941,E09000021
E05013942,E09000021
E05013943,E09000021
E05013944,E09000021
E05013945,E09000021
E05013946,E09000021
E05014095,E09000022
E05014096,E09000022
E05014097,E09000022
E05014098,E09000022
E05014099,E09000022
E05014100,E09000022
E05014101,E09000022
E05014102,E09000022
E05014103,E09000022
E05014104,E09000022
E05014105,E09000022
E05014106,E09000022
E05014107,E09000022
E05014108,E09000022
E05014109,E09000022
E05014110,E09000022
E05014111,E09000022
E05014112,E09000022
E05014113,E09000022
E05014114,E09000022
E05014115,E09000022
E05014116,E09000022
E05014117,E09000022
E05014118,E09000022
E05014119,E09000022
E05013714,E09000023
E05013715,E09000023
E05013716,E09000023
E05013717,E09000023
E05013718,E09000023
E05013719,E09000023
E05013720,E09000023
E05013721,E09000023
E05013722,E09000023
E05013723,E09000023
E05013724,E09000023
E05013725,E09000023
E05013726,E09000023
E05013727,E09000023
E05013728,E09000023
E05013729,E09000023
E05013730,E09000023
E05013731,E09000023
E05013732,E09000023
E05013810,E09000024
E05013811,E09000024
E05013812,E09000024
E05013813,E09000024
E05013814,E09000024
E05013815,E09000024
E05013816,E09000024
E05013817,E09000024
E05013818,E09000024
E05013819,E09000024
E05013820,E09000024
E05013821,E09000024
E05013822,E09000024
E05013823,E09000024
E05013824,E09000024
E05013825,E09000024
E05013826,E09000024
E05013827,E09000024
E05013828,E09000024
E05013829,E09000024
E05013904,E09000025
E05013905,E09000025
E05013906,E09000025
E05013907,E09000025
E05013908,E09000025
E05013909,E09000025
E05013910,E09000025
E05013911,E09000025
E05013912,E09000025
E05013913,E09000025
E05013914,E09000025
E05013915,E09000025
E05013916,E09000025
E05013917,E09000025
E05013918,E09000025
E05013919,E09000025
E05013920,E09000025
E05013921,E09000025
E05013922,E09000025
E05013923,E09000025
E05013924,E09000025
E05013925,E09000025
E05013926,E09000025
E05013927,E09000025
E05011234,E09000026
E05011235,E09000026
E05011236,E09000026
E05011237,E09000026
E05011238,E09000026
E05011239,E09000026
E05011240,E09000026
E05011241,E09000026
E05011242,E09000026
E05011243,E09000026
E05011244,E09000026
E05011245,E09000026
E05011246,E09000026
E05011247,E09000026
E05011248,E09000026
E05011249,E09000026
E05011250,E09000026
E05011251,E09000026
E05011252,E09000026
E05011253,E09000026
E05011254,E09000026
E05011255,E09000026
E05013774,E09000027
E05013775,E09000027
E05013776,E09000027
E05013777,E09000027
E05013778,E09000027
E05013779,E09000027
E05013780,E09000027
E05013781,E09000027
E05013782,E09000027
E05013783,E09000027
E05013784,E09000027
E05013786,E09000027
E05013787,E09000027
E05013785,E09000027
E05013788,E09000027
E05013789,E09000027
E05013790,E09000027
E05013791,E09000027
E05011095,E09000028
E05011096,E09000028
E05011097,E09000028
E05011098,E09000028
E05011099,E09000028
E05011100,E09000028
E05011101,E09000028
E05011102,E09000028
E05011103,E09000028
E05011104,E09000028
E05011105,E09000028
E05011106,E09000028
E05011107,E09000028
E05011108,E09000028
E05011109,E09000028
E05011110,E09000028
E05011111,E09000028
E05011112,E09000028
E05011113,E09000028
E05011116,E09000028
E05011114,E09000028
E05011115,E09000028
E05011117,E09000028
E05013754,E09000029
E05013755,E09000029
E05013756,E09000029
E05013757,E09000029
E05013758,E09000029
E05013759,E09000029
E05013760,E09000029
E05013763,E09000029
E05013761,E09000029
E05013762,E09000029
E05013764,E09000029
E05013765,E09000029
E05013766,E09000029
E05013767,E09000029
E05013768,E09000029
E05013769,E09000029
E05013770,E09000029
E05013771,E09000029
E05013772,E09000029
E05013773,E09000029
E05009317,E09000030
E05009318,E09000030
E05009319,E09000030
E05009320,E09000030
E05009321,E09000030
E05009322,E09000030
E05009323,E09000030
E05009324,E09000030
E05009325,E09000030
E05009326,E09000030
E05009327,E09000030
E05009328,E09000030
E05009332,E09000030
E05009333,E09000030
E05009329,E09000030
E05009330,E09000030
E05009331,E09000030
E05009334,E09000030
E05009335,E09000030
E05009336,E09000030
E05013882,E09000031
E05013883,E09000031
E05013884,E09000031
E05013885,E09000031
E05013886,E09000031
E05013887,E09000031
E05013888,E09000031
E05013889,E09000031
E05013890,E09000031
E05013891,E09000031
E05013892,E09000031
E05013893,E09000031
E05013894,E09000031
E05013895,E09000031
E05013896,E09000031
E05013897,E09000031
E05013898,E09000031
E05013899,E09000031
E05013900,E09000031
E05013901,E09000031
E05013902,E09000031
E05013903,E09000031
E05014009,E09000032
E05014010,E09000032
E05014011,E09000032
E05014012,E09000032
E05014013,E09000032
E05014014,E09000032
E05014015,E09000032
E05014016,E09000032
E05014017,E09000032
E05014019,E09000032
E05014020,E09000032
E05014021,E09000032
E05014018,E09000032
E05014022,E09000032
E05014023,E09000032
E05014024,E09000032
E05014025,E09000032
E05014026,E09000032
E05014027,E09000032
E05014028,E09000032
E05014029,E09000032
E05014030,E09000032
E05013792,E09000033
E05013793,E09000033
E05013794,E09000033
E05013795,E09000033
E05013796,E09000033
E05013797,E09000033
E05013798,E09000033
E05013799,E09000033
E05013800,E09000033
E05013801,E09000033
E05013802,E09000033
E05013803,E09000033
E05013804,E09000033
E05013805,E09000033
E05013806,E09000033
E05013807,E09000033
E05013808,E09000033
E05013809,E09000033
W05001492,W06000001
W05001493,W06000001
W05001494,W06000001
W05001495,W06000001
W05001496,W06000001
W05001497,W06000001
W05001498,W06000001
W05001499,W06000001
W05001500,W06000001
W05001501,W06000001
W05001502,W06000001
W05001503,W06000001
W05001504,W06000001
W05001505,W06000001
W05001506,W06000002
W05001507,W06000002
W05001508,W06000002
W05001509,W06000002
W05001510,W06000002
W05001511,W06000002
W05001512,W06000002
W05001513,W06000002
W05001514,W06000002
W05001515,W06000002
W05001516,W06000002
W05001517,W06000002
W05001518,W06000002
W05001519,W06000002
W05001520,W06000002
W05001521,W06000002
W05001522,W06000002
W05001523,W06000002
W05001524,W06000002
W05001525,W06000002
W05001526,W06000002
W05001527,W06000002
W05001528,W06000002
W05001529,W06000002
W05001530,W06000002
W05001531,W06000002
W05001532,W06000002
W05001533,W06000002
W05001534,W06000002
W05001535,W06000002
W05001536,W06000002
W05001537,W06000002
W05001538,W06000002
W05001539,W06000002
W05001540,W06000002
W05001541,W06000002
W05001542,W06000002
W05001543,W06000002
W05001544,W06000002
W05001545,W06000002
W05001546,W06000002
W05001547,W06000002
W05001548,W06000002
W05001549,W06000002
W05001550,W06000002
W05001551,W06000002
W05001552,W06000002
W05001553,W06000002
W05001554,W06000002
W05001555,W06000002
W05001556,W06000002
W05001559,W06000002
W05001557,W06000002
W05001558,W06000002
W05001560,W06000002
W05001561,W06000002
W05001562,W06000002
W05001563,W06000002
W05001564,W06000002
W05001565,W06000002
W05001566,W06000002
W05001567,W06000002
W05001568,W06000002
W05001569,W06000002
W05001570,W06000002
W05001404,W06000003
W05001403,W06000003
W05001405,W06000003
W05001406,W06000003
W05001407,W06000003
W05001408,W06000003
W05001409,W06000003
W05001410,W06000003
W05001411,W06000003
W05001412,W06000003
W05001413,W06000003
W05001414,W06000003
W05001415,W06000003
W05001416,W06000003
W05001417,W06000003
W05001418,W06000003
W05001419,W06000003
W05001420,W06000003
W05001421,W06000003
W05001422,W06000003
W05001423,W06000003
W05001424,W06000003
W05001427,W06000003
W05001425,W06000003
W05001426,W06000003
W05001428,W06000003
W05001429,W06000003
W05001430,W06000003
W05001431,W06000003
W05001432,W06000003
W05001332,W06000004
W05001333,W06000004
W05001334,W06000004
W05001335,W06000004
W05001336,W06000004
W05001337,W06000004
W05001338,W06000004
W05001339,W06000004
W05001340,W06000004
W05001341,W06000004
W05001342,W06000004
W05001343,W06000004
W05001344,W06000004
W05001345,W06000004
W05001346,W06000004
W05001347,W06000004
W05001348,W06000004
W05001349,W06000004
W05001350,W06000004
W05001351,W06000004
W05001352,W06000004
W05001353,W06000004
W05001354,W06000004
W05001355,W06000004
W05001356,W06000004
W05001357,W06000004
W05001358,W06000004
W05001359,W06000004
W05001360,W06000004
W05001571,W06000005
W05001572,W06000005
W05001573,W06000005
W05001574,W06000005
W05001575,W06000005
W05001576,W06000005
W05001577,W06000005
W05001578,W06000005
W05001579,W06000005
W05001580,W06000005
W05001581,W06000005
W05001582,W06000005
W05001583,W06000005
W05001585,W06000005
W05001584,W06000005
W05001586,W06000005
W05001587,W06000005
W05001588,W06000005
W05001589,W06000005
W05001590,W06000005
W05001591,W06000005
W05001592,W06000005
W05001593,W06000005
W05001594,W06000005
W05001595,W06000005
W05001596,W06000005
W05001597,W06000005
W05001598,W06000005
W05001599,W06000005
W05001600,W06000005
W05001601,W06000005
W05001602,W06000005
W05001604,W06000005
W05001605,W06000005
W05001606,W06000005
W05001603,W06000005
W05001607,W06000005
W05001608,W06000005
W05001609,W06000005
W05001610,W06000005
W05001611,W06000005
W05001612,W06000005
W05001613,W06000005
W05001614,W06000005
W05001615,W06000005
W05001713,W06000006
W05001714,W06000006
W05001715,W06000006
W05001716,W06000006
W05001717,W06000006
W05001718,W06000006
W05001719,W06000006
W05001720,W06000006
W05001721,W06000006
W05001722,W06000006
W05001723,W06000006
W05001724,W06000006
W05001725,W06000006
W05001726,W06000006
W05001727,W06000006
W05001728,W06000006
W05001729,W06000006
W05001730,W06000006
W05001731,W06000006
W05001732,W06000006
W05001733,W06000006
W05001734,W06000006
W05001735,W06000006
W05001736,W06000006
W05001737,W06000006
W05001738,W06000006
W05001739,W06000006
W05001740,W06000006
W05001741,W06000006
W05001742,W06000006
W05001743,W06000006
W05001744,W06000006
W05001745,W06000006
W05001746,W06000006
W05001747,W06000006
W05001748,W06000006
W05001749,W06000006
W05001750,W06000006
W05001751,W06000006
W05001752,W06000006
W05001753,W06000006
W05001754,W06000006
W05001755,W06000006
W05001756,W06000006
W05001757,W06000006
W05001758,W06000006
W05001759,W06000006
W05001760,W06000006
W05001761,W06000006
W05001298,W06000008
W05001299,W06000008
W05001300,W06000008
W05001301,W06000008
W05001302,W06000008
W05001303,W06000008
W05001304,W06000008
W05001305,W06000008
W05001306,W06000008
W05001307,W06000008
W05001308,W06000008
W05001310,W06000008
W05001311,W06000008
W05001312,W06000008
W05001313,W06000008
W05001314,W06000008
W05001315,W06000008
W05001316,W06000008
W05001317,W06000008
W05001318,W06000008
W05001309,W06000008
W05001319,W06000008
W05001320,W06000008
W05001321,W06000008
W05001322,W06000008
W05001323,W06000008
W05001324,W06000008
W05001325,W06000008
W05001326,W06000008
W05001327,W06000008
W05001328,W06000008
W05001329,W06000008
W05001330,W06000008
W05001331,W06000008
W05001433,W06000009
W05001434,W06000009
W05001436,W06000009
W05001435,W06000009
W05001437,W06000009
W05001438,W06000009
W05001439,W06000009
W05001440,W06000009
W05001441,W06000009
W05001442,W06000009
W05001443,W06000009
W05001444,W06000009
W05001445,W06000009
W05001446,W06000009
W05001447,W06000009
W05001448,W06000009
W05001449,W06000009
W05001450,W06000009
W05001451,W06000009
W05001452,W06000009
W05001453,W06000009
W05001454,W06000009
W05001455,W06000009
W05001456,W06000009
W05001457,W06000009
W05001458,W06000009
W05001459,W06000009
W05001460,W06000009
W05001461,W06000009
W05001462,W06000009
W05001463,W06000009
W05001464,W06000009
W05001465,W06000009
W05001466,W06000009
W05001467,W06000009
W05001469,W06000009
W05001468,W06000009
W05001470,W06000009
W05001471,W06000009
W05001472,W06000009
W05001473,W06000009
W05001474,W06000009
W05001475,W06000009
W05001476,W06000009
W05001477,W06000009
W05001478,W06000009
W05001479,W06000009
W05001480,W06000009
W05001481,W06000009
W05001482,W06000009
W05001483,W06000009
W05001484,W06000009
W05001485,W06000009
W05001486,W06000009
W05001487,W06000009
W05001488,W06000009
W05001489,W06000009
W05001490,W06000009
W05001491,W06000009
W05001177,W06000010
W05001178,W06000010
W05001179,W06000010
W05001180,W06000010
W05001181,W06000010
W05001182,W06000010
W05001183,W06000010
W05001184,W06000010
W05001185,W06000010
W05001186,W06000010
W05001187,W06000010
W05001188,W06000010
W05001189,W06000010
W05001190,W06000010
W05001191,W06000010
W05001192,W06000010
W05001193,W06000010
W05001194,W06000010
W05001195,W06000010
W05001196,W06000010
W05001197,W06000010
W05001198,W06000010
W05001199,W06000010
W05001200,W06000010
W05001201,W06000010
W05001202,W06000010
W05001203,W06000010
W05001204,W06000010
W05001205,W06000010
W05001206,W06000010
W05001207,W06000010
W05001208,W06000010
W05001209,W06000010
W05001210,W06000010
W05001211,W06000010
W05001212,W06000010
W05001213,W06000010
W05001214,W06000010
W05001215,W06000010
W05001216,W06000010
W05001217,W06000010
W05001218,W06000010
W05001219,W06000010
W05001220,W06000010
W05001221,W06000010
W05001222,W06000010
W05001223,W06000010
W05001224,W06000010
W05001225,W06000010
W05001226,W06000010
W05001227,W06000010
W05001039,W06000011
W05001040,W06000011
W05001041,W06000011
W05001042,W06000011
W05001043,W06000011
W05001044,W06000011
W05001045,W06000011
W05001046,W06000011
W05001047,W06000011
W05001048,W06000011
W05001049,W06000011
W05001050,W06000011
W05001051,W06000011
W05001052,W06000011
W05001053,W06000011
W05001054,W06000011
W05001055,W06000011
W05001056,W06000011
W05001057,W06000011
W05001058,W06000011
W05001059,W06000011
W05001060,W06000011
W05001061,W06000011
W05001062,W06000011
W05001063,W06000011
W05001064,W06000011
W05001065,W06000011
W05001066,W06000011
W05001067,W06000011
W05001068,W06000011
W05001069,W06000011
W05001070,W06000011
W05001679,W06000012
W05001680,W06000012
W05001681,W06000012
W05001682,W06000012
W05001683,W06000012
W05001684,W06000012
W05001685,W06000012
W05001686,W06000012
W05001687,W06000012
W05001688,W06000012
W05001689,W06000012
W05001690,W06000012
W05001691,W06000012
W05001692,W06000012
W05001693,W06000012
W05001694,W06000012
W05001695,W06000012
W05001696,W06000012
W05001697,W06000012
W05001698,W06000012
W05001699,W06000012
W05001700,W06000012
W05001701,W06000012
W05001702,W06000012
W05001703,W06000012
W05001704,W06000012
W05001705,W06000012
W05001706,W06000012
W05001707,W06000012
W05001708,W06000012
W05001709,W06000012
W05001710,W06000012
W05001711,W06000012
W05001712,W06000012
W05001228,W06000013
W05001229,W06000013
W05001231,W06000013
W05001230,W06000013
W05001232,W06000013
W05001233,W06000013
W05001234,W06000013
W05001235,W06000013
W05001236,W06000013
W05001237,W06000013
W05001238,W06000013
W05001239,W06000013
W05001240,W06000013
W05001241,W06000013
W05001242,W06000013
W05001243,W06000013
W05001244,W06000013
W05001245,W06000013
W05001246,W06000013
W05001247,W06000013
W05001248,W06000013
W05001250,W06000013
W05001249,W06000013
W05001251,W06000013
W05001252,W06000013
W05001253,W06000013
W05001254,W06000013
W05001255,W06000013
W05001379,W06000014
W05001380,W06000014
W05001381,W06000014
W05001382,W06000014
W05001383,W06000014
W05001384,W06000014
W05001385,W06000014
W05001386,W06000014
W05001387,W06000014
W05001388,W06000014
W05001389,W06000014
W05001390,W06000014
W05001391,W06000014
W05001392,W06000014
W05001393,W06000014
W05001394,W06000014
W05001395,W06000014
W05001396,W06000014
W05001399,W06000014
W05001397,W06000014
W05001398,W06000014
W05001400,W06000014
W05001401,W06000014
W05001402,W06000014
W05001270,W06000015
W05001271,W06000015
W05001272,W06000015
W05001273,W06000015
W05001274,W06000015
W05001275,W06000015
W05001276,W06000015
W05001277,W06000015
W05001278,W06000015
W05001279,W06000015
W05001280,W06000015
W05001281,W06000015
W05001282,W06000015
W05001283,W06000015
W05001284,W06000015
W05001285,W06000015
W05001286,W06000015
W05001287,W06000015
W05001288,W06000015
W05001289,W06000015
W05001290,W06000015
W05001291,W06000015
W05001292,W06000015
W05001293,W06000015
W05001294,W06000015
W05001295,W06000015
W05001296,W06000015
W05001297,W06000015
W05001071,W06000016
W05001072,W06000016
W05001073,W06000016
W05001074,W06000016
W05001075,W06000016
W05001076,W06000016
W05001077,W06000016
W05001078,W06000016
W05001079,W06000016
W05001080,W06000016
W05001081,W06000016
W05001082,W06000016
W05001083,W06000016
W05001084,W06000016
W05001085,W06000016
W05001086,W06000016
W05001087,W06000016
W05001088,W06000016
W05001089,W06000016
W05001090,W06000016
W05001091,W06000016
W05001092,W06000016
W05001095,W06000016
W05001096,W06000016
W05001093,W06000016
W05001094,W06000016
W05001097,W06000016
W05001098,W06000016
W05001099,W06000016
W05001100,W06000016
W05001101,W06000016
W05001102,W06000016
W05001103,W06000016
W05001104,W06000016
W05001105,W06000016
W05001106,W06000016
W05001107,W06000016
W05001108,W06000016
W05001109,W06000016
W05001110,W06000016
W05001111,W06000016
W05001112,W06000016
W05001113,W06000016
W05001114,W06000016
W05001115,W06000016
W05001116,W06000016
W05001648,W06000018
W05001649,W06000018
W05001650,W06000018
W05001651,W06000018
W05001652,W06000018
W05001653,W06000018
W05001654,W06000018
W05001655,W06000018
W05001656,W06000018
W05001657,W06000018
W05001658,W06000018
W05001659,W06000018
W05001660,W06000018
W05001661,W06000018
W05001662,W06000018
W05001663,W06000018
W05001664,W06000018
W05001665,W06000018
W05001666,W06000018
W05001667,W06000018
W05001668,W06000018
W05001669,W06000018
W05001670,W06000018
W05001671,W06000018
W05001672,W06000018
W05001673,W06000018
W05001674,W06000018
W05001675,W06000018
W05001676,W06000018
W05001677,W06000018
W05001678,W06000018
W05001256,W06000019
W05001257,W06000019
W05001258,W06000019
W05001259,W06000019
W05001260,W06000019
W05001261,W06000019
W05001262,W06000019
W05001263,W06000019
W05001264,W06000019
W05001265,W06000019
W05001266,W06000019
W05001267,W06000019
W05001268,W06000019
W05001269,W06000019
W05001361,W06000020
W05001362,W06000020
W05001363,W06000020
W05001364,W06000020
W05001365,W06000020
W05001366,W06000020
W05001367,W06000020
W05001368,W06000020
W05001369,W06000020
W05001370,W06000020
W05001371,W06000020
W05001372,W06000020
W05001373,W06000020
W05001374,W06000020
W05001375,W06000020
W05001376,W06000020
W05001377,W06000020
W05001378,W06000020
W05001762,W06000021
W05001763,W06000021
W05001764,W06000021
W05001765,W06000021
W05001766,W06000021
W05001767,W06000021
W05001768,W06000021
W05001769,W06000021
W05001770,W06000021
W05001771,W06000021
W05001772,W06000021
W05001773,W06000021
W05001774,W06000021
W05001775,W06000021
W05001776,W06000021
W05001777,W06000021
W05001778,W06000021
W05001779,W06000021
W05001780,W06000021
W05001781,W06000021
W05001782,W06000021
W05001783,W06000021
W05001784,W06000021
W05001785,W06000021
W05001786,W06000021
W05001787,W06000021
W05001788,W06000021
W05001789,W06000021
W05001790,W06000021
W05001791,W06000021
W05001792,W06000021
W05001793,W06000021
W05001794,W06000021
W05001795,W06000021
W05001796,W06000021
W05001797,W06000021
W05001798,W06000021
W05001799,W06000021
W05001800,W06000021
W05001627,W06000022
W05001628,W06000022
W05001629,W06000022
W05001630,W06000022
W05001631,W06000022
W05001632,W06000022
W05001633,W06000022
W05001634,W06000022
W05001636,W06000022
W05001635,W06000022
W05001637,W06000022
W05001638,W06000022
W05001639,W06000022
W05001640,W06000022
W05001641,W06000022
W05001642,W06000022
W05001643,W06000022
W05001644,W06000022
W05001645,W06000022
W05001646,W06000022
W05001647,W06000022
W05001117,W06000023
W05001118,W06000023
W05001119,W06000023
W05001120,W06000023
W05001121,W06000023
W05001122,W06000023
W05001123,W06000023
W05001124,W06000023
W05001125,W06000023
W05001126,W06000023
W05001127,W06000023
W05001128,W06000023
W05001129,W06000023
W05001130,W06000023
W05001131,W06000023
W05001132,W06000023
W05001133,W06000023
W05001134,W06000023
W05001135,W06000023
W05001136,W06000023
W05001137,W06000023
W05001138,W06000023
W05001139,W06000023
W05001140,W06000023
W05001141,W06000023
W05001142,W06000023
W05001143,W06000023
W05001144,W06000023
W05001145,W06000023
W05001146,W06000023
W05001147,W06000023
W05001148,W06000023
W05001149,W06000023
W05001150,W06000023
W05001151,W06000023
W05001152,W06000023
W05001153,W06000023
W05001154,W06000023
W05001155,W06000023
W05001156,W06000023
W05001157,W06000023
W05001158,W06000023
W05001159,W06000023
W05001160,W06000023
W05001161,W06000023
W05001162,W06000023
W05001163,W06000023
W05001164,W06000023
W05001165,W06000023
W05001166,W06000023
W05001167,W06000023
W05001168,W06000023
W05001169,W06000023
W05001170,W06000023
W05001171,W06000023
W05001172,W06000023
W05001173,W06000023
W05001174,W06000023
W05001175,W06000023
W05001176,W06000023
W05001616,W06000024
W05001617,W06000024
W05001618,W06000024
W05001619,W06000024
W05001620,W06000024
W05001621,W06000024
W05001622,W06000024
W05001623,W06000024
W05001624,W06000024
W05001625,W06000024
W05001626,W06000024
